;M44;M43;M42;M41;M40;M39;M38;M37;M36;M35;M34;M33;M32;M31;M30;M29;M28;M27;M26;M25;M24;M23;M22;M21;M20;M19;M18;M17;M16;M15;M14;M13;M12;M11;M10;M9;M8;M7;M6;M5;M4;M3;M2;M1
380;6,796e-026;6,796e-026;6,796e-026;6,796e-026;6,796e-026;6,796e-026;6,796e-026;6,796e-026;6,796e-026;6,796e-026;6,796e-026;6,796e-026;6,796e-026;6,796e-026;6,796e-026;6,796e-026;6,796e-026;6,796e-026;6,796e-026;6,796e-026;6,796e-026;6,796e-026;6,796e-026;6,796e-026;6,796e-026;6,796e-026;6,796e-026;6,796e-026;6,796e-026;6,796e-026;6,796e-026;6,796e-026;6,796e-026;6,796e-026;6,796e-026;6,796e-026;8,224e-006;6,796e-026;6,796e-026;6,796e-026;6,796e-026;6,796e-026;6,796e-026;1,180e-005
382;6,622e-026;6,622e-026;6,622e-026;6,622e-026;6,622e-026;6,622e-026;6,622e-026;6,622e-026;6,622e-026;6,622e-026;6,622e-026;6,622e-026;6,622e-026;6,622e-026;6,622e-026;6,622e-026;6,622e-026;6,622e-026;6,622e-026;6,622e-026;6,622e-026;6,622e-026;6,622e-026;6,622e-026;6,622e-026;6,622e-026;6,622e-026;6,622e-026;6,622e-026;6,622e-026;6,622e-026;6,622e-026;6,622e-026;6,622e-026;6,622e-026;1,593e-007;6,622e-026;6,622e-026;6,622e-026;6,622e-026;6,622e-026;6,622e-026;6,622e-026;8,138e-006
384;6,360e-026;6,360e-026;6,360e-026;6,360e-026;6,360e-026;6,360e-026;6,360e-026;6,360e-026;6,360e-026;8,604e-007;6,360e-026;6,360e-026;6,360e-026;6,360e-026;6,360e-026;6,360e-026;6,360e-026;6,360e-026;6,360e-026;6,360e-026;6,360e-026;6,360e-026;6,360e-026;6,360e-026;6,360e-026;6,360e-026;6,360e-026;6,360e-026;6,360e-026;6,360e-026;6,360e-026;6,360e-026;6,360e-026;1,449e-006;6,360e-026;7,529e-007;7,210e-006;6,360e-026;6,360e-026;6,360e-026;6,360e-026;6,360e-026;6,360e-026;2,403e-005
386;6,198e-026;6,198e-026;6,198e-026;6,198e-026;6,198e-026;6,198e-026;6,198e-026;6,198e-026;6,198e-026;2,029e-006;6,198e-026;6,198e-026;6,198e-026;6,198e-026;6,198e-026;6,198e-026;6,198e-026;6,198e-026;6,198e-026;6,198e-026;6,198e-026;6,198e-026;6,198e-026;6,198e-026;6,198e-026;6,198e-026;6,198e-026;6,198e-026;6,198e-026;6,198e-026;6,198e-026;6,198e-026;6,198e-026;3,419e-006;6,198e-026;6,198e-026;1,701e-005;6,198e-026;6,198e-026;6,198e-026;6,198e-026;6,198e-026;6,198e-026;1,474e-005
388;5,985e-026;5,985e-026;5,985e-026;5,985e-026;5,985e-026;5,985e-026;5,985e-026;5,985e-026;5,985e-026;5,985e-026;5,985e-026;5,985e-026;5,985e-026;5,985e-026;5,985e-026;5,985e-026;5,985e-026;5,985e-026;5,985e-026;5,985e-026;5,985e-026;5,985e-026;5,985e-026;5,985e-026;5,985e-026;5,985e-026;5,985e-026;5,985e-026;5,985e-026;5,985e-026;5,985e-026;5,985e-026;2,481e-006;2,521e-006;5,985e-026;4,605e-007;5,985e-026;5,985e-026;5,985e-026;5,985e-026;5,985e-026;5,985e-026;5,985e-026;2,239e-006
390;5,836e-026;5,836e-026;5,836e-026;5,836e-026;5,836e-026;5,836e-026;5,836e-026;5,836e-026;5,836e-026;5,836e-026;5,836e-026;5,836e-026;5,836e-026;5,836e-026;5,836e-026;5,836e-026;5,836e-026;5,836e-026;5,836e-026;5,836e-026;5,836e-026;5,836e-026;5,836e-026;5,836e-026;5,836e-026;5,836e-026;5,836e-026;5,836e-026;5,836e-026;5,836e-026;5,836e-026;5,836e-026;2,054e-006;2,087e-006;5,836e-026;3,812e-007;5,836e-026;5,836e-026;5,836e-026;5,836e-026;5,836e-026;5,836e-026;5,836e-026;1,145e-005
392;5,605e-026;5,605e-026;5,605e-026;5,605e-026;5,605e-026;5,605e-026;5,605e-026;5,605e-026;5,605e-026;5,605e-026;5,605e-026;5,605e-026;5,605e-026;5,605e-026;5,605e-026;5,605e-026;5,605e-026;5,605e-026;5,605e-026;5,605e-026;5,605e-026;5,605e-026;5,605e-026;5,605e-026;5,605e-026;5,605e-026;5,605e-026;5,605e-026;5,605e-026;5,605e-026;5,605e-026;5,605e-026;5,605e-026;5,605e-026;5,605e-026;5,605e-026;5,605e-026;5,605e-026;5,605e-026;5,605e-026;5,605e-026;5,605e-026;5,605e-026;4,623e-006
394;5,429e-026;5,429e-026;5,429e-026;5,429e-026;5,429e-026;5,429e-026;5,429e-026;5,429e-026;5,429e-026;5,429e-026;5,429e-026;5,429e-026;5,429e-026;5,429e-026;5,429e-026;5,429e-026;5,429e-026;5,429e-026;5,429e-026;5,429e-026;5,429e-026;5,429e-026;5,429e-026;5,429e-026;5,429e-026;5,429e-026;5,429e-026;5,429e-026;5,429e-026;5,429e-026;5,429e-026;5,429e-026;1,708e-005;5,429e-026;5,429e-026;5,429e-026;1,584e-006;5,429e-026;5,429e-026;5,429e-026;5,429e-026;5,429e-026;5,429e-026;5,429e-026
396;1,062e-005;5,236e-026;5,236e-026;5,236e-026;5,236e-026;5,236e-026;5,236e-026;5,236e-026;6,312e-008;5,236e-026;5,236e-026;5,236e-026;5,236e-026;5,236e-026;5,236e-026;7,204e-006;5,236e-026;5,236e-026;5,236e-026;5,236e-026;5,236e-026;5,236e-026;5,236e-026;5,236e-026;5,236e-026;5,236e-026;5,236e-026;5,236e-026;5,236e-026;5,236e-026;5,236e-026;5,236e-026;1,479e-006;5,236e-026;5,236e-026;1,004e-005;1,371e-007;5,236e-026;5,236e-026;5,236e-026;5,236e-026;5,236e-026;5,236e-026;1,595e-007
398;5,043e-026;5,043e-026;5,043e-026;5,043e-026;5,043e-026;5,043e-026;5,043e-026;5,043e-026;1,317e-006;5,043e-026;5,043e-026;5,043e-026;5,043e-026;5,043e-026;5,043e-026;5,043e-026;5,043e-026;5,043e-026;5,043e-026;5,043e-026;5,043e-026;5,043e-026;5,043e-026;5,043e-026;5,043e-026;5,043e-026;5,043e-026;5,043e-026;5,043e-026;5,043e-026;5,043e-026;5,043e-026;5,043e-026;5,043e-026;5,043e-026;1,657e-006;5,043e-026;5,043e-026;5,043e-026;5,043e-026;5,043e-026;5,043e-026;5,043e-026;3,327e-006
400;4,827e-026;4,827e-026;4,827e-026;4,827e-026;4,827e-026;4,827e-026;4,827e-026;4,827e-026;4,827e-026;4,827e-026;4,827e-026;4,827e-026;4,827e-026;4,827e-026;4,827e-026;4,827e-026;4,827e-026;4,827e-026;4,827e-026;4,827e-026;4,827e-026;4,827e-026;4,827e-026;4,827e-026;1,699e-006;4,827e-026;4,827e-026;4,827e-026;4,827e-026;4,827e-026;4,827e-026;4,827e-026;2,385e-006;4,827e-026;4,827e-026;1,043e-005;4,827e-026;4,827e-026;4,827e-026;4,827e-026;4,827e-026;4,827e-026;4,827e-026;4,827e-026
402;7,563e-006;4,657e-026;4,657e-026;4,657e-026;4,657e-026;4,657e-026;4,657e-026;4,657e-026;4,657e-026;4,657e-026;4,657e-026;4,657e-026;4,657e-026;4,657e-026;4,657e-026;4,657e-026;4,657e-026;4,657e-026;4,657e-026;4,657e-026;4,657e-026;4,657e-026;4,657e-026;4,657e-026;4,410e-006;4,657e-026;4,657e-026;4,657e-026;4,657e-026;4,657e-026;4,657e-026;1,193e-006;1,573e-005;4,657e-026;4,657e-026;1,536e-005;6,321e-007;4,657e-026;4,657e-026;3,107e-006;5,914e-006;6,674e-006;4,657e-026;1,374e-006
404;1,480e-005;4,489e-026;4,489e-026;4,489e-026;4,489e-026;4,489e-026;4,489e-026;4,489e-026;6,819e-007;4,489e-026;4,489e-026;4,489e-026;4,489e-026;4,489e-026;4,489e-026;1,218e-006;4,489e-026;4,489e-026;4,489e-026;4,489e-026;4,489e-026;4,489e-026;4,489e-026;4,489e-026;7,418e-007;4,489e-026;4,489e-026;4,489e-026;4,489e-026;4,489e-026;4,489e-026;3,035e-006;2,410e-005;1,939e-006;4,489e-026;1,874e-005;3,821e-006;5,663e-006;4,489e-026;7,901e-006;1,725e-005;1,476e-005;2,488e-006;1,770e-006
406;1,500e-005;4,288e-026;4,288e-026;4,288e-026;4,288e-026;1,320e-005;4,288e-026;4,288e-026;6,531e-006;4,288e-026;4,288e-026;4,288e-026;4,288e-026;4,288e-026;4,288e-026;7,569e-006;4,288e-026;4,288e-026;4,288e-026;4,288e-026;4,288e-026;1,475e-006;4,288e-026;4,288e-026;4,288e-026;4,288e-026;4,288e-026;1,782e-005;4,288e-026;4,288e-026;4,288e-026;2,899e-006;3,127e-005;6,362e-006;2,381e-006;3,179e-005;2,285e-006;8,363e-006;3,403e-006;1,536e-005;1,605e-005;2,495e-005;4,820e-006;4,288e-026
408;2,958e-005;4,124e-026;4,124e-026;4,124e-026;4,124e-026;1,195e-005;4,124e-026;4,124e-026;2,739e-005;4,124e-026;4,124e-026;4,124e-026;4,124e-026;4,124e-026;2,414e-005;2,243e-005;4,124e-026;1,353e-005;4,124e-026;4,124e-026;4,124e-026;8,293e-006;4,124e-026;4,124e-026;4,124e-026;4,124e-026;4,124e-026;2,523e-005;4,124e-026;4,124e-026;4,124e-026;2,364e-005;3,059e-005;2,561e-005;3,769e-006;4,190e-005;4,046e-006;9,404e-006;1,432e-005;3,751e-005;4,659e-005;5,294e-005;2,847e-005;4,124e-026
410;2,941e-005;3,949e-026;3,949e-026;3,949e-026;3,949e-026;3,463e-005;3,949e-026;3,949e-026;6,344e-006;3,949e-026;3,949e-026;3,949e-026;2,667e-005;3,949e-026;3,531e-005;3,579e-005;3,949e-026;2,911e-006;3,949e-026;3,949e-026;3,949e-026;1,344e-005;3,949e-026;3,949e-026;3,949e-026;3,949e-026;3,949e-026;5,615e-005;3,949e-026;3,949e-026;3,949e-026;4,024e-005;3,703e-005;4,103e-005;3,610e-006;4,674e-005;1,529e-005;1,672e-005;4,347e-005;7,558e-005;6,991e-005;7,160e-005;5,258e-005;2,574e-006
412;2,970e-005;3,764e-026;3,764e-026;1,910e-005;3,911e-006;6,665e-005;2,041e-005;8,479e-006;3,948e-007;3,764e-026;3,764e-026;3,405e-005;6,705e-005;1,455e-005;9,916e-005;6,980e-005;3,764e-026;1,412e-007;3,764e-026;1,010e-005;2,510e-005;3,371e-005;3,764e-026;3,764e-026;3,764e-026;9,404e-006;2,011e-005;8,682e-005;8,973e-006;3,764e-026;3,764e-026;6,405e-005;7,019e-005;6,376e-005;3,703e-005;6,860e-005;3,101e-005;4,742e-005;8,303e-005;1,100e-004;1,227e-004;9,331e-005;7,885e-005;3,449e-006
414;1,322e-005;3,617e-026;3,617e-026;7,630e-005;6,641e-005;1,271e-004;6,555e-005;5,686e-005;4,060e-006;3,617e-026;3,617e-026;8,735e-005;1,353e-004;7,506e-005;1,661e-004;9,082e-005;3,617e-026;1,597e-006;3,617e-026;3,233e-005;6,022e-005;7,160e-005;8,422e-007;3,617e-026;3,617e-026;7,390e-005;8,940e-005;1,243e-004;7,616e-005;3,617e-026;3,617e-026;9,959e-005;8,378e-005;8,921e-005;5,865e-005;9,116e-005;4,057e-005;7,183e-005;1,513e-004;1,642e-004;1,768e-004;1,572e-004;1,381e-004;1,341e-005
416;1,636e-005;5,352e-007;3,496e-026;1,376e-004;1,535e-004;2,226e-004;1,620e-004;1,061e-004;1,077e-006;3,496e-026;3,496e-026;1,707e-004;2,095e-004;1,591e-004;2,642e-004;1,154e-004;3,496e-026;3,496e-026;3,496e-026;8,307e-005;1,668e-004;1,161e-004;3,058e-006;3,496e-026;3,496e-026;1,693e-004;1,662e-004;1,912e-004;1,755e-004;3,496e-026;3,496e-026;1,385e-004;1,199e-004;1,427e-004;8,614e-005;1,300e-004;7,826e-005;9,676e-005;2,310e-004;2,511e-004;2,504e-004;2,040e-004;1,785e-004;3,566e-005
418;1,819e-005;9,920e-007;3,379e-026;2,355e-004;2,942e-004;3,387e-004;2,948e-004;1,757e-004;6,038e-007;3,379e-026;3,379e-026;2,604e-004;3,262e-004;2,921e-004;3,738e-004;1,823e-004;3,379e-026;3,379e-026;3,379e-026;1,573e-004;2,929e-004;1,731e-004;3,379e-026;3,379e-026;3,379e-026;3,080e-004;2,853e-004;2,622e-004;2,989e-004;3,379e-026;3,379e-026;1,900e-004;1,839e-004;1,926e-004;1,229e-004;1,748e-004;1,176e-004;1,341e-004;3,470e-004;3,465e-004;3,482e-004;2,929e-004;2,514e-004;5,757e-005
420;2,011e-005;3,279e-026;3,279e-026;3,837e-004;4,748e-004;5,089e-004;4,733e-004;2,744e-004;5,428e-007;3,279e-026;3,279e-026;4,097e-004;5,130e-004;4,879e-004;5,477e-004;2,766e-004;1,280e-005;3,279e-026;3,279e-026;2,574e-004;4,805e-004;2,505e-004;3,279e-026;3,279e-026;3,279e-026;4,792e-004;4,731e-004;3,641e-004;4,740e-004;3,279e-026;3,279e-026;2,679e-004;2,426e-004;2,704e-004;1,810e-004;2,390e-004;1,724e-004;1,854e-004;5,130e-004;4,846e-004;4,802e-004;3,936e-004;3,509e-004;7,743e-005
422;1,361e-005;3,177e-026;3,177e-026;5,873e-004;7,204e-004;7,537e-004;7,205e-004;4,004e-004;3,371e-007;3,177e-026;3,177e-026;6,035e-004;7,681e-004;7,311e-004;7,928e-004;4,132e-004;1,683e-005;1,129e-006;3,177e-026;3,813e-004;7,340e-004;3,833e-004;3,177e-026;3,177e-026;3,177e-026;7,189e-004;7,143e-004;4,831e-004;7,174e-004;3,177e-026;3,177e-026;3,716e-004;3,330e-004;3,816e-004;2,583e-004;3,089e-004;2,449e-004;2,466e-004;7,198e-004;6,631e-004;6,451e-004;5,209e-004;4,711e-004;1,091e-004
424;1,326e-005;3,094e-026;3,094e-026;8,919e-004;1,050e-003;1,094e-003;1,072e-003;5,880e-004;3,094e-026;3,094e-026;3,094e-026;8,736e-004;1,076e-003;1,074e-003;1,126e-003;5,773e-004;3,614e-006;3,791e-007;3,094e-026;5,822e-004;1,072e-003;5,581e-004;3,003e-006;3,094e-026;3,094e-026;1,061e-003;1,058e-003;6,281e-004;1,058e-003;3,094e-026;3,094e-026;5,059e-004;4,382e-004;5,045e-004;3,429e-004;4,116e-004;3,240e-004;3,174e-004;1,006e-003;8,817e-004;8,389e-004;6,873e-004;6,252e-004;1,528e-004
426;2,106e-005;3,019e-026;3,019e-026;1,259e-003;1,535e-003;1,551e-003;1,541e-003;8,533e-004;1,690e-005;3,019e-026;3,019e-026;1,246e-003;1,553e-003;1,546e-003;1,581e-003;8,381e-004;8,548e-008;3,019e-026;3,019e-026;8,747e-004;1,550e-003;7,739e-004;4,508e-007;3,019e-026;3,019e-026;1,525e-003;1,519e-003;7,965e-004;1,521e-003;3,019e-026;3,019e-026;6,915e-004;5,946e-004;6,751e-004;4,328e-004;5,413e-004;4,264e-004;4,069e-004;1,370e-003;1,163e-003;1,089e-003;8,843e-004;7,943e-004;2,032e-004
428;2,314e-005;2,933e-026;2,933e-026;1,849e-003;2,252e-003;2,257e-003;2,266e-003;1,241e-003;8,427e-006;2,933e-026;2,933e-026;1,795e-003;2,270e-003;2,264e-003;2,297e-003;1,220e-003;2,933e-026;2,933e-026;2,933e-026;1,268e-003;2,282e-003;1,130e-003;4,064e-006;2,933e-026;2,933e-026;2,237e-003;2,249e-003;1,027e-003;2,247e-003;2,933e-026;2,933e-026;9,444e-004;8,018e-004;9,081e-004;5,822e-004;7,160e-004;5,648e-004;5,206e-004;1,901e-003;1,576e-003;1,433e-003;1,146e-003;1,025e-003;2,724e-004
430;1,139e-005;2,880e-026;2,880e-026;2,587e-003;3,141e-003;3,152e-003;3,179e-003;1,727e-003;2,880e-026;2,880e-026;2,880e-026;2,510e-003;3,185e-003;3,165e-003;3,216e-003;1,667e-003;1,913e-007;2,880e-026;2,880e-026;1,788e-003;3,175e-003;1,549e-003;6,492e-006;2,880e-026;2,880e-026;3,147e-003;3,151e-003;1,269e-003;3,147e-003;2,880e-026;2,880e-026;1,271e-003;1,041e-003;1,190e-003;7,352e-004;9,268e-004;7,127e-004;6,556e-004;2,555e-003;2,072e-003;1,834e-003;1,435e-003;1,271e-003;3,689e-004
432;3,459e-006;2,830e-026;2,830e-026;3,585e-003;4,363e-003;4,353e-003;4,374e-003;2,363e-003;2,830e-026;2,830e-026;2,830e-026;3,470e-003;4,369e-003;4,369e-003;4,387e-003;2,319e-003;4,691e-007;2,830e-026;2,830e-026;2,478e-003;4,375e-003;2,120e-003;4,273e-006;2,830e-026;2,830e-026;4,357e-003;4,368e-003;1,534e-003;4,351e-003;2,830e-026;2,830e-026;1,681e-003;1,355e-003;1,535e-003;9,105e-004;1,168e-003;8,874e-004;7,986e-004;3,371e-003;2,680e-003;2,335e-003;1,779e-003;1,555e-003;4,830e-004
434;5,046e-006;2,796e-026;2,796e-026;4,882e-003;5,940e-003;5,929e-003;5,960e-003;3,212e-003;2,796e-026;2,796e-026;2,796e-026;4,716e-003;5,939e-003;5,942e-003;5,966e-003;3,163e-003;1,742e-006;2,796e-026;2,796e-026;3,405e-003;5,970e-003;2,873e-003;3,600e-007;2,796e-026;2,796e-026;5,947e-003;5,962e-003;1,847e-003;5,932e-003;2,796e-026;2,796e-026;2,211e-003;1,733e-003;1,968e-003;1,128e-003;1,478e-003;1,091e-003;9,774e-004;4,426e-003;3,445e-003;2,943e-003;2,184e-003;1,892e-003;6,357e-004
436;3,030e-007;2,766e-026;2,766e-026;6,570e-003;7,971e-003;7,964e-003;8,002e-003;4,299e-003;2,766e-026;2,766e-026;2,766e-026;6,333e-003;7,978e-003;7,983e-003;8,002e-003;4,235e-003;3,496e-006;2,766e-026;2,766e-026;4,590e-003;8,021e-003;3,867e-003;2,766e-026;2,766e-026;2,766e-026;8,017e-003;8,033e-003;2,205e-003;8,010e-003;2,766e-026;2,766e-026;2,878e-003;2,225e-003;2,513e-003;1,374e-003;1,864e-003;1,344e-003;1,171e-003;5,775e-003;4,400e-003;3,701e-003;2,673e-003;2,287e-003;8,152e-004
438;2,746e-026;2,746e-026;2,746e-026;8,776e-003;1,062e-002;1,062e-002;1,068e-002;5,722e-003;2,746e-026;2,746e-026;2,746e-026;8,443e-003;1,062e-002;1,063e-002;1,064e-002;5,662e-003;3,471e-006;2,746e-026;2,746e-026;6,143e-003;1,072e-002;5,163e-003;2,746e-026;2,746e-026;2,746e-026;1,072e-002;1,074e-002;2,621e-003;1,072e-002;2,746e-026;2,746e-026;3,735e-003;2,837e-003;3,202e-003;1,671e-003;2,329e-003;1,637e-003;1,394e-003;7,503e-003;5,610e-003;4,646e-003;3,252e-003;2,738e-003;1,066e-003
440;2,735e-026;2,735e-026;2,735e-026;1,165e-002;1,411e-002;1,409e-002;1,411e-002;7,586e-003;2,735e-026;2,735e-026;2,735e-026;1,120e-002;1,408e-002;1,410e-002;1,409e-002;7,531e-003;3,457e-006;2,735e-026;2,735e-026;8,169e-003;1,422e-002;6,864e-003;2,735e-026;2,735e-026;2,735e-026;1,424e-002;1,428e-002;3,063e-003;1,426e-002;2,735e-026;2,735e-026;4,841e-003;3,589e-003;4,068e-003;2,021e-003;2,900e-003;1,981e-003;1,647e-003;9,692e-003;7,140e-003;5,803e-003;3,932e-003;3,243e-003;1,354e-003
442;5,461e-006;2,726e-026;2,726e-026;1,584e-002;1,910e-002;1,909e-002;1,914e-002;1,031e-002;2,726e-026;2,726e-026;2,726e-026;1,520e-002;1,912e-002;1,915e-002;1,912e-002;1,023e-002;1,231e-005;2,726e-026;2,726e-026;1,115e-002;1,935e-002;9,361e-003;6,073e-007;2,726e-026;2,726e-026;1,937e-002;1,945e-002;3,567e-003;1,943e-002;2,726e-026;2,726e-026;6,397e-003;4,642e-003;5,251e-003;2,446e-003;3,691e-003;2,409e-003;1,939e-003;1,280e-002;9,245e-003;7,367e-003;4,776e-003;3,836e-003;1,789e-003
444;2,733e-026;2,733e-026;2,733e-026;2,099e-002;2,534e-002;2,529e-002;2,535e-002;1,369e-002;1,429e-006;2,733e-026;2,733e-026;2,016e-002;2,533e-002;2,534e-002;2,532e-002;1,361e-002;2,542e-005;2,733e-026;2,733e-026;1,481e-002;2,566e-002;1,246e-002;2,733e-026;2,733e-026;2,733e-026;2,574e-002;2,582e-002;4,038e-003;2,584e-002;2,733e-026;2,733e-026;8,281e-003;5,878e-003;6,644e-003;2,904e-003;4,578e-003;2,845e-003;2,221e-003;1,655e-002;1,172e-002;9,130e-003;5,664e-003;4,398e-003;2,292e-003
446;2,203e-006;2,753e-026;2,753e-026;2,726e-002;3,289e-002;3,282e-002;3,287e-002;1,780e-002;4,128e-006;2,753e-026;2,753e-026;2,620e-002;3,287e-002;3,288e-002;3,285e-002;1,771e-002;4,478e-005;2,753e-026;2,753e-026;1,928e-002;3,334e-002;1,622e-002;2,753e-026;2,753e-026;2,753e-026;3,346e-002;3,358e-002;4,413e-003;3,360e-002;2,753e-026;2,753e-026;1,049e-002;7,310e-003;8,236e-003;3,348e-003;5,561e-003;3,285e-003;2,468e-003;2,096e-002;1,457e-002;1,112e-002;6,548e-003;4,904e-003;2,881e-003
448;3,696e-006;2,769e-026;2,769e-026;3,416e-002;4,117e-002;4,109e-002;4,113e-002;2,229e-002;2,769e-026;2,769e-026;2,769e-026;3,283e-002;4,114e-002;4,115e-002;4,110e-002;2,221e-002;5,422e-005;2,769e-026;2,769e-026;2,418e-002;4,171e-002;2,035e-002;2,769e-026;2,769e-026;2,769e-026;4,188e-002;4,203e-002;4,656e-003;4,207e-002;2,769e-026;2,769e-026;1,285e-002;8,784e-003;9,890e-003;3,741e-003;6,556e-003;3,678e-003;2,655e-003;2,567e-002;1,753e-002;1,311e-002;7,351e-003;5,278e-003;3,488e-003
450;2,471e-006;2,798e-026;2,798e-026;4,098e-002;4,941e-002;4,930e-002;4,935e-002;2,675e-002;3,868e-006;2,798e-026;2,798e-026;3,938e-002;4,938e-002;4,936e-002;4,931e-002;2,666e-002;6,509e-005;2,798e-026;2,798e-026;2,902e-002;5,001e-002;2,440e-002;4,257e-007;2,798e-026;2,798e-026;5,021e-002;5,037e-002;4,772e-003;5,042e-002;2,798e-026;2,798e-026;1,510e-002;1,018e-002;1,144e-002;4,065e-003;7,457e-003;4,008e-003;2,777e-003;3,018e-002;2,032e-002;1,494e-002;8,000e-003;5,518e-003;4,057e-003
452;1,003e-006;2,831e-026;2,831e-026;4,646e-002;5,606e-002;5,596e-002;5,600e-002;3,028e-002;1,268e-005;2,831e-026;2,831e-026;4,462e-002;5,602e-002;5,600e-002;5,596e-002;3,018e-002;6,995e-005;2,831e-026;2,831e-026;3,289e-002;5,669e-002;2,758e-002;1,984e-007;2,831e-026;2,831e-026;5,686e-002;5,706e-002;4,727e-003;5,707e-002;2,831e-026;2,831e-026;1,682e-002;1,118e-002;1,257e-002;4,265e-003;8,096e-003;4,189e-003;2,798e-003;3,363e-002;2,236e-002;1,621e-002;8,371e-003;5,581e-003;4,462e-003
454;8,000e-006;2,868e-026;2,868e-026;4,943e-002;5,979e-002;5,972e-002;5,976e-002;3,209e-002;1,279e-005;2,868e-026;2,868e-026;4,746e-002;5,973e-002;5,976e-002;5,967e-002;3,200e-002;9,439e-005;2,868e-026;2,868e-026;3,489e-002;6,035e-002;2,914e-002;3,055e-006;2,868e-026;2,868e-026;6,050e-002;6,073e-002;4,560e-003;6,068e-002;2,868e-026;2,868e-026;1,760e-002;1,163e-002;1,304e-002;4,275e-003;8,334e-003;4,207e-003;2,739e-003;3,525e-002;2,321e-002;1,667e-002;8,382e-003;5,466e-003;4,608e-003
456;1,109e-005;2,899e-026;2,899e-026;4,860e-002;5,904e-002;5,896e-002;5,903e-002;3,141e-002;1,454e-005;2,899e-026;2,899e-026;4,661e-002;5,894e-002;5,900e-002;5,893e-002;3,130e-002;9,649e-005;2,899e-026;2,899e-026;3,415e-002;5,944e-002;2,840e-002;9,034e-008;9,221e-007;2,899e-026;5,951e-002;5,972e-002;4,252e-003;5,961e-002;2,899e-026;2,899e-026;1,706e-002;1,120e-002;1,257e-002;4,059e-003;7,998e-003;3,988e-003;2,577e-003;3,421e-002;2,237e-002;1,599e-002;7,939e-003;5,131e-003;4,406e-003
458;8,566e-007;2,928e-026;2,928e-026;4,454e-002;5,429e-002;5,421e-002;5,428e-002;2,868e-002;2,977e-005;2,928e-026;2,928e-026;4,267e-002;5,416e-002;5,421e-002;5,419e-002;2,856e-002;9,539e-005;2,928e-026;2,928e-026;3,114e-002;5,450e-002;2,583e-002;2,928e-026;2,928e-026;2,928e-026;5,451e-002;5,472e-002;3,887e-003;5,452e-002;1,654e-007;2,928e-026;1,549e-002;1,017e-002;1,140e-002;3,704e-003;7,274e-003;3,636e-003;2,347e-003;3,113e-002;2,030e-002;1,450e-002;7,218e-003;4,691e-003;3,972e-003
460;7,992e-006;2,956e-026;2,956e-026;3,873e-002;4,732e-002;4,728e-002;4,736e-002;2,490e-002;1,865e-005;2,956e-026;2,956e-026;3,712e-002;4,722e-002;4,725e-002;4,726e-002;2,481e-002;8,526e-005;2,956e-026;2,956e-026;2,705e-002;4,742e-002;2,236e-002;2,956e-026;2,956e-026;2,956e-026;4,740e-002;4,755e-002;3,534e-003;4,733e-002;4,729e-007;2,956e-026;1,346e-002;8,871e-003;9,931e-003;3,286e-003;6,369e-003;3,224e-003;2,114e-003;2,706e-002;1,766e-002;1,266e-002;6,394e-003;4,212e-003;3,435e-003
462;1,715e-005;2,973e-026;2,973e-026;3,253e-002;3,975e-002;3,969e-002;3,981e-002;2,091e-002;2,306e-005;2,973e-026;2,973e-026;3,115e-002;3,963e-002;3,969e-002;3,971e-002;2,082e-002;7,523e-005;2,973e-026;2,973e-026;2,271e-002;3,977e-002;1,874e-002;7,536e-006;1,343e-005;2,973e-026;3,972e-002;3,986e-002;3,173e-003;3,964e-002;3,224e-006;2,973e-026;1,135e-002;7,524e-003;8,408e-003;2,855e-003;5,430e-003;2,809e-003;1,868e-003;2,281e-002;1,496e-002;1,079e-002;5,549e-003;3,727e-003;2,891e-003
464;3,520e-005;2,989e-026;2,989e-026;2,704e-002;3,301e-002;3,296e-002;3,307e-002;1,740e-002;2,964e-005;2,989e-026;2,989e-026;2,590e-002;3,290e-002;3,296e-002;3,299e-002;1,731e-002;7,252e-005;2,812e-006;2,989e-026;1,889e-002;3,301e-002;1,559e-002;1,570e-005;2,799e-005;2,989e-026;3,295e-002;3,305e-002;2,861e-003;3,286e-002;8,543e-006;2,989e-026;9,506e-003;6,347e-003;7,104e-003;2,484e-003;4,616e-003;2,442e-003;1,652e-003;1,911e-002;1,261e-002;9,180e-003;4,813e-003;3,319e-003;2,425e-003
466;3,920e-005;3,336e-006;3,000e-026;2,259e-002;2,754e-002;2,749e-002;2,761e-002;1,456e-002;3,978e-005;3,000e-026;3,000e-026;2,161e-002;2,746e-002;2,753e-002;2,754e-002;1,449e-002;8,830e-005;1,349e-005;8,684e-007;1,579e-002;2,755e-002;1,304e-002;4,013e-005;5,246e-005;3,000e-026;2,748e-002;2,757e-002;2,587e-003;2,741e-002;1,417e-005;3,000e-026;8,032e-003;5,394e-003;6,038e-003;2,191e-003;3,955e-003;2,136e-003;1,470e-003;1,614e-002;1,071e-002;7,864e-003;4,228e-003;2,962e-003;2,059e-003
468;7,847e-005;1,492e-005;3,000e-026;1,901e-002;2,317e-002;2,312e-002;2,326e-002;1,227e-002;4,292e-005;9,156e-006;3,000e-026;1,820e-002;2,312e-002;2,315e-002;2,318e-002;1,222e-002;9,119e-005;4,004e-005;1,562e-007;1,331e-002;2,323e-002;1,101e-002;6,437e-005;6,369e-005;3,000e-026;2,312e-002;2,321e-002;2,348e-003;2,306e-002;3,655e-005;3,000e-026;6,845e-003;4,635e-003;5,180e-003;1,939e-003;3,427e-003;1,888e-003;1,323e-003;1,375e-002;9,205e-003;6,818e-003;3,736e-003;2,662e-003;1,766e-003
470;8,877e-005;4,741e-005;2,992e-026;1,577e-002;1,921e-002;1,919e-002;1,931e-002;1,021e-002;8,605e-005;4,184e-005;2,992e-026;1,508e-002;1,915e-002;1,917e-002;1,924e-002;1,017e-002;1,044e-004;6,513e-005;5,232e-007;1,105e-002;1,927e-002;9,171e-003;7,370e-005;7,029e-005;2,992e-026;1,916e-002;1,924e-002;2,124e-003;1,912e-002;6,239e-005;2,992e-026;5,773e-003;3,935e-003;4,383e-003;1,716e-003;2,943e-003;1,656e-003;1,185e-003;1,157e-002;7,808e-003;5,850e-003;3,273e-003;2,380e-003;1,492e-003
472;1,249e-004;6,366e-005;1,145e-006;1,320e-002;1,610e-002;1,608e-002;1,625e-002;8,589e-003;1,087e-004;6,377e-005;2,986e-026;1,263e-002;1,607e-002;1,608e-002;1,616e-002;8,561e-003;1,272e-004;8,557e-005;4,157e-006;9,241e-003;1,619e-002;7,715e-003;1,183e-004;1,028e-004;2,986e-026;1,604e-002;1,609e-002;1,960e-003;1,600e-002;8,608e-005;2,986e-026;4,912e-003;3,390e-003;3,771e-003;1,541e-003;2,567e-003;1,492e-003;1,083e-003;9,872e-003;6,727e-003;5,100e-003;2,934e-003;2,189e-003;1,291e-003
474;1,623e-004;1,055e-004;1,140e-005;1,091e-002;1,332e-002;1,330e-002;1,349e-002;7,160e-003;1,524e-004;1,145e-004;2,988e-026;1,044e-002;1,330e-002;1,331e-002;1,341e-002;7,147e-003;1,631e-004;1,439e-004;8,772e-006;7,648e-003;1,344e-002;6,432e-003;1,766e-004;1,400e-004;7,296e-006;1,326e-002;1,331e-002;1,839e-003;1,320e-002;1,323e-004;2,988e-026;4,169e-003;2,914e-003;3,227e-003;1,410e-003;2,248e-003;1,352e-003;1,004e-003;8,371e-003;5,790e-003;4,453e-003;2,641e-003;2,025e-003;1,101e-003
476;2,105e-004;1,636e-004;3,625e-005;8,863e-003;1,081e-002;1,080e-002;1,103e-002;5,885e-003;1,974e-004;1,664e-004;1,157e-005;8,476e-003;1,079e-002;1,080e-002;1,094e-002;5,888e-003;2,016e-004;2,027e-004;3,613e-005;6,217e-003;1,096e-002;5,283e-003;2,193e-004;1,809e-004;9,120e-006;1,074e-002;1,080e-002;1,735e-003;1,069e-002;1,790e-004;2,983e-026;3,500e-003;2,494e-003;2,750e-003;1,302e-003;1,958e-003;1,226e-003;9,388e-004;7,040e-003;4,958e-003;3,887e-003;2,414e-003;1,893e-003;9,339e-004
478;2,842e-004;2,353e-004;8,413e-005;7,135e-003;8,708e-003;8,700e-003;8,989e-003;4,854e-003;2,705e-004;2,478e-004;3,984e-005;6,812e-003;8,691e-003;8,688e-003;8,890e-003;4,843e-003;2,607e-004;2,744e-004;7,236e-005;5,014e-003;8,928e-003;4,336e-003;2,756e-004;2,526e-004;2,192e-005;8,637e-003;8,677e-003;1,667e-003;8,583e-003;2,454e-004;2,987e-026;2,971e-003;2,168e-003;2,377e-003;1,215e-003;1,746e-003;1,137e-003;8,924e-004;5,977e-003;4,315e-003;3,455e-003;2,243e-003;1,812e-003;8,088e-004
480;3,399e-004;3,310e-004;1,125e-004;5,722e-003;7,004e-003;6,995e-003;7,351e-003;4,026e-003;3,593e-004;3,193e-004;7,267e-005;5,465e-003;7,002e-003;6,978e-003;7,269e-003;4,010e-003;3,395e-004;3,367e-004;1,076e-004;4,020e-003;7,294e-003;3,611e-003;3,545e-004;3,189e-004;5,719e-005;6,919e-003;6,950e-003;1,636e-003;6,888e-003;3,305e-004;2,991e-026;2,562e-003;1,934e-003;2,084e-003;1,183e-003;1,585e-003;1,081e-003;8,769e-004;5,165e-003;3,842e-003;3,154e-003;2,153e-003;1,780e-003;7,110e-004
482;4,464e-004;4,253e-004;1,480e-004;4,609e-003;5,599e-003;5,627e-003;6,051e-003;3,396e-003;4,550e-004;4,419e-004;1,337e-004;4,372e-003;5,605e-003;5,605e-003;5,977e-003;3,417e-003;4,545e-004;4,441e-004;1,454e-004;3,215e-003;6,026e-003;3,067e-003;4,696e-004;4,382e-004;9,016e-005;5,560e-003;5,568e-003;1,651e-003;5,521e-003;4,479e-004;2,991e-026;2,271e-003;1,778e-003;1,878e-003;1,194e-003;1,490e-003;1,072e-003;8,817e-004;4,568e-003;3,516e-003;2,978e-003;2,124e-003;1,801e-003;6,508e-004
484;6,066e-004;5,749e-004;2,243e-004;3,697e-003;4,494e-003;4,545e-003;5,104e-003;2,966e-003;6,201e-004;5,824e-004;2,085e-004;3,506e-003;4,484e-003;4,503e-003;4,984e-003;2,983e-003;5,971e-004;5,960e-004;2,315e-004;2,601e-003;5,071e-003;2,705e-003;6,113e-004;5,665e-004;1,354e-004;4,459e-003;4,470e-003;1,694e-003;4,439e-003;5,848e-004;2,982e-026;2,075e-003;1,685e-003;1,743e-003;1,252e-003;1,471e-003;1,087e-003;9,143e-004;4,189e-003;3,349e-003;2,908e-003;2,171e-003;1,868e-003;6,081e-004
486;7,666e-004;7,300e-004;3,111e-004;3,070e-003;3,724e-003;3,772e-003;4,481e-003;2,711e-003;7,772e-004;7,431e-004;2,923e-004;2,904e-003;3,692e-003;3,730e-003;4,339e-003;2,742e-003;7,629e-004;7,630e-004;3,146e-004;2,145e-003;4,451e-003;2,505e-003;7,636e-004;7,275e-004;1,783e-004;3,677e-003;3,687e-003;1,776e-003;3,668e-003;7,564e-004;2,974e-026;2,001e-003;1,684e-003;1,704e-003;1,353e-003;1,498e-003;1,138e-003;9,765e-004;4,027e-003;3,337e-003;2,975e-003;2,280e-003;1,992e-003;5,979e-004
488;9,683e-004;9,509e-004;4,332e-004;2,536e-003;3,071e-003;3,153e-003;4,048e-003;2,593e-003;9,852e-004;9,572e-004;3,897e-004;2,397e-003;3,077e-003;3,119e-003;3,865e-003;2,624e-003;9,791e-004;9,658e-004;4,240e-004;1,772e-003;4,029e-003;2,415e-003;9,946e-004;9,412e-004;2,582e-004;3,036e-003;3,043e-003;1,900e-003;3,036e-003;9,702e-004;2,964e-026;1,995e-003;1,740e-003;1,708e-003;1,500e-003;1,572e-003;1,236e-003;1,073e-003;3,996e-003;3,447e-003;3,128e-003;2,455e-003;2,165e-003;6,238e-004
490;1,249e-003;1,222e-003;5,513e-004;2,083e-003;2,525e-003;2,641e-003;3,761e-003;2,577e-003;1,268e-003;1,215e-003;5,198e-004;1,969e-003;2,541e-003;2,595e-003;3,540e-003;2,607e-003;1,242e-003;1,225e-003;5,671e-004;1,461e-003;3,752e-003;2,429e-003;1,258e-003;1,199e-003;3,189e-004;2,474e-003;2,501e-003;2,062e-003;2,490e-003;1,242e-003;2,947e-026;2,048e-003;1,842e-003;1,769e-003;1,696e-003;1,697e-003;1,358e-003;1,196e-003;4,101e-003;3,642e-003;3,358e-003;2,680e-003;2,391e-003;6,533e-004
492;1,594e-003;1,544e-003;7,035e-004;1,708e-003;2,060e-003;2,206e-003;3,609e-003;2,664e-003;1,588e-003;1,532e-003;6,897e-004;1,603e-003;2,063e-003;2,123e-003;3,339e-003;2,696e-003;1,564e-003;1,556e-003;7,412e-004;1,189e-003;3,608e-003;2,554e-003;1,603e-003;1,510e-003;4,190e-004;2,012e-003;2,028e-003;2,254e-003;2,028e-003;1,580e-003;2,924e-026;2,164e-003;2,007e-003;1,861e-003;1,937e-003;1,853e-003;1,493e-003;1,334e-003;4,330e-003;3,945e-003;3,682e-003;2,990e-003;2,662e-003;6,940e-004
494;1,971e-003;1,931e-003;9,127e-004;1,386e-003;1,671e-003;1,861e-003;3,606e-003;2,857e-003;1,990e-003;1,944e-003;8,770e-004;1,293e-003;1,669e-003;1,737e-003;3,258e-003;2,898e-003;1,961e-003;1,941e-003;9,682e-004;9,457e-004;3,610e-003;2,758e-003;1,990e-003;1,918e-003;5,354e-004;1,639e-003;1,635e-003;2,447e-003;1,633e-003;1,991e-003;2,899e-026;2,349e-003;2,215e-003;2,003e-003;2,231e-003;2,072e-003;1,667e-003;1,501e-003;4,689e-003;4,365e-003;4,096e-003;3,350e-003;2,965e-003;7,751e-004
496;2,527e-003;2,483e-003;1,183e-003;1,086e-003;1,332e-003;1,529e-003;3,781e-003;3,213e-003;2,530e-003;2,469e-003;1,166e-003;1,012e-003;1,331e-003;1,389e-003;3,371e-003;3,252e-003;2,511e-003;2,473e-003;1,254e-003;7,523e-004;3,804e-003;3,164e-003;2,529e-003;2,456e-003;6,962e-004;1,293e-003;1,291e-003;2,688e-003;1,281e-003;2,550e-003;2,863e-026;2,630e-003;2,513e-003;2,203e-003;2,604e-003;2,359e-003;1,897e-003;1,686e-003;5,235e-003;4,955e-003;4,676e-003;3,799e-003;3,367e-003;8,838e-004
498;3,124e-003;3,060e-003;1,463e-003;8,783e-004;1,050e-003;1,335e-003;4,122e-003;3,677e-003;3,123e-003;3,060e-003;1,467e-003;8,125e-004;1,073e-003;1,174e-003;3,588e-003;3,693e-003;3,100e-003;3,053e-003;1,572e-003;5,979e-004;4,128e-003;3,643e-003;3,140e-003;3,054e-003;8,764e-004;1,028e-003;1,037e-003;2,923e-003;1,037e-003;3,150e-003;2,826e-026;2,954e-003;2,858e-003;2,424e-003;3,031e-003;2,672e-003;2,141e-003;1,901e-003;5,882e-003;5,610e-003;5,293e-003;4,272e-003;3,776e-003;9,996e-004
500;3,811e-003;3,728e-003;1,812e-003;7,100e-004;8,598e-004;1,194e-003;4,584e-003;4,253e-003;3,797e-003;3,720e-003;1,799e-003;6,818e-004;8,880e-004;1,010e-003;3,945e-003;4,271e-003;3,793e-003;3,714e-003;1,925e-003;4,895e-004;4,611e-003;4,265e-003;3,834e-003;3,739e-003;1,083e-003;8,372e-004;8,340e-004;3,183e-003;8,342e-004;3,850e-003;2,791e-026;3,345e-003;3,236e-003;2,694e-003;3,493e-003;3,029e-003;2,411e-003;2,138e-003;6,648e-003;6,378e-003;6,002e-003;4,803e-003;4,226e-003;1,129e-003
502;4,569e-003;4,486e-003;2,195e-003;5,728e-004;6,970e-004;1,093e-003;5,178e-003;4,934e-003;4,564e-003;4,474e-003;2,167e-003;5,455e-004;7,125e-004;8,783e-004;4,394e-003;4,948e-003;4,557e-003;4,472e-003;2,338e-003;3,942e-004;5,219e-003;4,966e-003;4,612e-003;4,502e-003;1,304e-003;6,880e-004;6,795e-004;3,433e-003;6,796e-004;4,637e-003;2,754e-026;3,793e-003;3,660e-003;2,978e-003;3,985e-003;3,422e-003;2,689e-003;2,372e-003;7,525e-003;7,225e-003;6,770e-003;5,370e-003;4,688e-003;1,282e-003
504;5,377e-003;5,291e-003;2,604e-003;4,818e-004;5,633e-004;1,017e-003;5,863e-003;5,691e-003;5,403e-003;5,305e-003;2,573e-003;4,368e-004;5,842e-004;7,614e-004;4,947e-003;5,716e-003;5,383e-003;5,284e-003;2,777e-003;3,034e-004;5,915e-003;5,744e-003;5,449e-003;5,347e-003;1,558e-003;5,719e-004;5,571e-004;3,676e-003;5,535e-004;5,473e-003;2,712e-026;4,278e-003;4,117e-003;3,288e-003;4,523e-003;3,833e-003;2,985e-003;2,616e-003;8,473e-003;8,133e-003;7,591e-003;5,961e-003;5,173e-003;1,448e-003
506;6,273e-003;6,177e-003;3,033e-003;3,836e-004;4,641e-004;9,953e-004;6,620e-003;6,525e-003;6,277e-003;6,171e-003;3,016e-003;3,688e-004;4,813e-004;6,813e-004;5,529e-003;6,571e-003;6,270e-003;6,153e-003;3,238e-003;2,487e-004;6,694e-003;6,591e-003;6,344e-003;6,228e-003;1,812e-003;4,569e-004;4,592e-004;3,911e-003;4,604e-004;6,365e-003;2,672e-026;4,782e-003;4,604e-003;3,603e-003;5,085e-003;4,259e-003;3,293e-003;2,867e-003;9,471e-003;9,089e-003;8,456e-003;6,570e-003;5,662e-003;1,620e-003
508;7,226e-003;7,096e-003;3,509e-003;3,243e-004;3,606e-004;9,816e-004;7,457e-003;7,438e-003;7,221e-003;7,096e-003;3,468e-003;3,062e-004;3,751e-004;6,126e-004;6,197e-003;7,466e-003;7,211e-003;7,084e-003;3,744e-003;1,950e-004;7,529e-003;7,508e-003;7,294e-003;7,175e-003;2,110e-003;3,711e-004;3,833e-004;4,158e-003;3,607e-004;7,326e-003;2,622e-026;5,322e-003;5,114e-003;3,932e-003;5,664e-003;4,705e-003;3,611e-003;3,108e-003;1,055e-002;1,008e-002;9,348e-003;7,194e-003;6,175e-003;1,795e-003
510;8,165e-003;8,003e-003;3,957e-003;2,637e-004;2,778e-004;9,553e-004;8,273e-003;8,317e-003;8,140e-003;8,005e-003;3,902e-003;2,375e-004;2,996e-004;5,801e-004;6,857e-003;8,345e-003;8,141e-003;7,981e-003;4,229e-003;1,458e-004;8,368e-003;8,389e-003;8,214e-003;8,075e-003;2,363e-003;2,877e-004;3,010e-004;4,382e-003;2,906e-004;8,258e-003;2,574e-026;5,847e-003;5,593e-003;4,243e-003;6,211e-003;5,143e-003;3,907e-003;3,353e-003;1,158e-002;1,105e-002;1,020e-002;7,788e-003;6,636e-003;1,970e-003
512;8,994e-003;8,833e-003;4,358e-003;2,024e-004;2,275e-004;9,633e-004;9,039e-003;9,126e-003;8,967e-003;8,842e-003;4,301e-003;1,974e-004;2,389e-004;5,427e-004;7,466e-003;9,137e-003;9,004e-003;8,805e-003;4,658e-003;9,465e-005;9,118e-003;9,214e-003;9,076e-003;8,922e-003;2,592e-003;2,332e-004;2,499e-004;4,597e-003;2,220e-004;9,102e-003;2,533e-026;6,313e-003;6,028e-003;4,542e-003;6,702e-003;5,542e-003;4,184e-003;3,568e-003;1,253e-002;1,194e-002;1,098e-002;8,327e-003;7,072e-003;2,116e-003
514;9,741e-003;9,563e-003;4,708e-003;1,601e-004;1,693e-004;9,525e-004;9,719e-003;9,846e-003;9,715e-003;9,567e-003;4,654e-003;1,611e-004;1,844e-004;5,179e-004;8,004e-003;9,839e-003;9,746e-003;9,532e-003;5,030e-003;7,474e-005;9,792e-003;9,938e-003;9,824e-003;9,663e-003;2,806e-003;1,880e-004;1,926e-004;4,794e-003;1,765e-004;9,842e-003;2,490e-026;6,732e-003;6,415e-003;4,794e-003;7,147e-003;5,886e-003;4,432e-003;3,766e-003;1,336e-002;1,272e-002;1,168e-002;8,806e-003;7,456e-003;2,251e-003
516;1,035e-002;1,017e-002;5,003e-003;1,285e-004;1,271e-004;9,631e-004;1,028e-002;1,045e-002;1,034e-002;1,017e-002;4,953e-003;1,164e-004;1,488e-004;4,873e-004;8,444e-003;1,044e-002;1,036e-002;1,015e-002;5,335e-003;4,448e-005;1,037e-002;1,053e-002;1,043e-002;1,026e-002;2,966e-003;1,380e-004;1,622e-004;4,980e-003;1,418e-004;1,045e-002;2,445e-026;7,078e-003;6,744e-003;5,011e-003;7,520e-003;6,173e-003;4,635e-003;3,929e-003;1,406e-002;1,337e-002;1,226e-002;9,208e-003;7,787e-003;2,359e-003
518;1,084e-002;1,064e-002;5,226e-003;9,221e-005;9,474e-005;9,564e-004;1,071e-002;1,092e-002;1,082e-002;1,063e-002;5,158e-003;9,353e-005;1,156e-004;4,618e-004;8,776e-003;1,090e-002;1,084e-002;1,062e-002;5,570e-003;2,311e-005;1,079e-002;1,099e-002;1,091e-002;1,073e-002;3,097e-003;1,035e-004;1,368e-004;5,157e-003;1,045e-004;1,093e-002;2,404e-026;7,337e-003;7,002e-003;5,190e-003;7,811e-003;6,419e-003;4,810e-003;4,075e-003;1,462e-002;1,390e-002;1,273e-002;9,551e-003;8,071e-003;2,443e-003
520;1,112e-002;1,092e-002;5,346e-003;5,836e-005;4,979e-005;9,284e-004;1,096e-002;1,118e-002;1,109e-002;1,092e-002;5,277e-003;7,381e-005;8,959e-005;4,242e-004;8,946e-003;1,116e-002;1,112e-002;1,087e-002;5,709e-003;1,528e-005;1,102e-002;1,124e-002;1,118e-002;1,100e-002;3,157e-003;6,742e-005;8,995e-005;5,315e-003;6,417e-005;1,119e-002;2,357e-026;7,505e-003;7,165e-003;5,307e-003;7,997e-003;6,571e-003;4,936e-003;4,191e-003;1,498e-002;1,423e-002;1,305e-002;9,790e-003;8,292e-003;2,487e-003
522;1,118e-002;1,096e-002;5,362e-003;4,190e-005;3,315e-005;8,933e-004;1,098e-002;1,124e-002;1,115e-002;1,098e-002;5,290e-003;3,855e-005;6,487e-005;4,068e-004;8,971e-003;1,121e-002;1,118e-002;1,093e-002;5,719e-003;6,465e-006;1,105e-002;1,127e-002;1,123e-002;1,105e-002;3,150e-003;5,845e-005;6,424e-005;5,463e-003;4,756e-005;1,123e-002;2,315e-026;7,549e-003;7,225e-003;5,383e-003;8,070e-003;6,636e-003;4,996e-003;4,267e-003;1,511e-002;1,437e-002;1,319e-002;9,931e-003;8,424e-003;2,502e-003
524;1,102e-002;1,081e-002;5,263e-003;2,829e-005;5,952e-006;8,592e-004;1,082e-002;1,107e-002;1,100e-002;1,082e-002;5,183e-003;2,735e-005;4,689e-005;3,655e-004;8,820e-003;1,104e-002;1,103e-002;1,079e-002;5,627e-003;2,281e-026;1,087e-002;1,111e-002;1,106e-002;1,089e-002;3,105e-003;3,452e-005;4,909e-005;5,605e-003;3,059e-005;1,106e-002;2,281e-026;7,505e-003;7,193e-003;5,400e-003;8,048e-003;6,628e-003;5,030e-003;4,309e-003;1,502e-002;1,434e-002;1,318e-002;9,975e-003;8,505e-003;2,482e-003
526;1,067e-002;1,046e-002;5,090e-003;7,445e-006;2,251e-026;8,049e-004;1,047e-002;1,072e-002;1,066e-002;1,046e-002;5,005e-003;1,629e-005;2,720e-005;3,345e-004;8,517e-003;1,068e-002;1,067e-002;1,044e-002;5,437e-003;2,251e-026;1,050e-002;1,074e-002;1,071e-002;1,053e-002;2,984e-003;1,599e-005;3,013e-005;5,737e-003;1,529e-005;1,070e-002;2,251e-026;7,355e-003;7,073e-003;5,373e-003;7,927e-003;6,546e-003;5,014e-003;4,320e-003;1,476e-002;1,412e-002;1,304e-002;9,937e-003;8,529e-003;2,439e-003
528;1,016e-002;9,975e-003;4,836e-003;2,673e-006;2,227e-026;7,458e-004;9,960e-003;1,022e-002;1,016e-002;9,965e-003;4,758e-003;6,802e-006;1,814e-005;3,120e-004;8,093e-003;1,018e-002;1,018e-002;9,953e-003;5,168e-003;2,227e-026;9,982e-003;1,023e-002;1,019e-002;1,003e-002;2,818e-003;1,238e-006;2,046e-005;5,873e-003;2,227e-026;1,018e-002;2,227e-026;7,139e-003;6,895e-003;5,309e-003;7,736e-003;6,420e-003;4,966e-003;4,311e-003;1,434e-002;1,377e-002;1,279e-002;9,836e-003;8,505e-003;2,367e-003
530;9,540e-003;9,353e-003;4,526e-003;2,207e-026;2,207e-026;6,790e-004;9,342e-003;9,581e-003;9,533e-003;9,348e-003;4,453e-003;1,300e-006;3,410e-006;2,689e-004;7,572e-003;9,534e-003;9,555e-003;9,329e-003;4,830e-003;2,207e-026;9,357e-003;9,580e-003;9,558e-003;9,401e-003;2,620e-003;2,207e-026;7,650e-006;6,002e-003;2,207e-026;9,537e-003;2,207e-026;6,860e-003;6,670e-003;5,211e-003;7,484e-003;6,253e-003;4,891e-003;4,280e-003;1,380e-002;1,331e-002;1,246e-002;9,688e-003;8,440e-003;2,281e-003
532;8,757e-003;8,601e-003;4,135e-003;2,188e-026;2,188e-026;5,998e-004;8,585e-003;8,797e-003;8,753e-003;8,584e-003;4,070e-003;2,188e-026;2,188e-026;2,277e-004;6,945e-003;8,770e-003;8,758e-003;8,566e-003;4,417e-003;2,188e-026;8,577e-003;8,783e-003;8,777e-003;8,623e-003;2,407e-003;2,188e-026;3,862e-007;6,122e-003;2,188e-026;8,756e-003;2,188e-026;6,514e-003;6,384e-003;5,087e-003;7,163e-003;6,026e-003;4,787e-003;4,230e-003;1,312e-002;1,275e-002;1,201e-002;9,487e-003;8,344e-003;2,169e-003
534;7,958e-003;7,803e-003;3,746e-003;2,174e-026;2,174e-026;5,230e-004;7,784e-003;8,000e-003;7,949e-003;7,783e-003;3,674e-003;2,174e-026;2,174e-026;1,904e-004;6,294e-003;7,957e-003;7,956e-003;7,784e-003;4,005e-003;2,174e-026;7,789e-003;7,972e-003;7,962e-003;7,830e-003;2,166e-003;2,174e-026;2,174e-026;6,252e-003;2,174e-026;7,937e-003;2,174e-026;6,155e-003;6,096e-003;4,957e-003;6,844e-003;5,802e-003;4,688e-003;4,182e-003;1,241e-002;1,214e-002;1,156e-002;9,282e-003;8,254e-003;2,071e-003
536;7,212e-003;7,061e-003;3,395e-003;2,165e-026;2,165e-026;4,687e-004;7,040e-003;7,257e-003;7,210e-003;7,053e-003;3,331e-003;2,165e-026;2,165e-026;1,562e-004;5,698e-003;7,201e-003;7,202e-003;7,059e-003;3,621e-003;2,165e-026;7,037e-003;7,224e-003;7,219e-003;7,099e-003;1,959e-003;2,165e-026;2,165e-026;6,369e-003;2,165e-026;7,193e-003;2,165e-026;5,829e-003;5,810e-003;4,840e-003;6,553e-003;5,598e-003;4,597e-003;4,140e-003;1,176e-002;1,161e-002;1,115e-002;9,093e-003;8,168e-003;1,963e-003
538;6,509e-003;6,364e-003;3,052e-003;2,160e-026;2,160e-026;4,080e-004;6,348e-003;6,536e-003;6,499e-003;6,355e-003;2,997e-003;2,160e-026;2,160e-026;1,361e-004;5,111e-003;6,499e-003;6,497e-003;6,352e-003;3,258e-003;2,160e-026;6,335e-003;6,514e-003;6,506e-003;6,402e-003;1,757e-003;2,160e-026;2,160e-026;6,499e-003;2,160e-026;6,484e-003;2,160e-026;5,533e-003;5,563e-003;4,744e-003;6,290e-003;5,414e-003;4,521e-003;4,107e-003;1,116e-002;1,111e-002;1,077e-002;8,941e-003;8,109e-003;1,878e-003
540;5,847e-003;5,715e-003;2,734e-003;2,157e-026;2,157e-026;3,465e-004;5,707e-003;5,863e-003;5,833e-003;5,699e-003;2,684e-003;2,157e-026;2,157e-026;9,768e-005;4,579e-003;5,825e-003;5,843e-003;5,706e-003;2,911e-003;2,157e-026;5,694e-003;5,845e-003;5,845e-003;5,742e-003;1,562e-003;2,157e-026;2,157e-026;6,628e-003;2,157e-026;5,819e-003;2,157e-026;5,259e-003;5,342e-003;4,654e-003;6,040e-003;5,244e-003;4,450e-003;4,084e-003;1,061e-002;1,066e-002;1,043e-002;8,804e-003;8,064e-003;1,806e-003
542;5,234e-003;5,110e-003;2,436e-003;2,154e-026;2,154e-026;2,987e-004;5,103e-003;5,258e-003;5,230e-003;5,096e-003;2,388e-003;2,154e-026;2,154e-026;8,539e-005;4,093e-003;5,211e-003;5,230e-003;5,095e-003;2,604e-003;2,154e-026;5,093e-003;5,243e-003;5,236e-003;5,145e-003;1,389e-003;2,154e-026;2,154e-026;6,759e-003;2,154e-026;5,208e-003;2,154e-026;5,018e-003;5,137e-003;4,575e-003;5,821e-003;5,092e-003;4,398e-003;4,061e-003;1,011e-002;1,025e-002;1,013e-002;8,683e-003;8,029e-003;1,734e-003
544;4,624e-003;4,525e-003;2,150e-003;2,151e-026;2,151e-026;2,438e-004;4,514e-003;4,656e-003;4,628e-003;4,516e-003;2,118e-003;2,151e-026;2,151e-026;5,385e-005;3,609e-003;4,614e-003;4,637e-003;4,520e-003;2,297e-003;2,151e-026;4,487e-003;4,635e-003;4,646e-003;4,546e-003;1,220e-003;2,151e-026;2,151e-026;6,897e-003;2,151e-026;4,608e-003;2,151e-026;4,780e-003;4,948e-003;4,515e-003;5,609e-003;4,955e-003;4,345e-003;4,052e-003;9,638e-003;9,874e-003;9,866e-003;8,602e-003;8,015e-003;1,671e-003
546;4,107e-003;4,038e-003;1,921e-003;2,154e-026;2,154e-026;2,178e-004;3,994e-003;4,126e-003;4,111e-003;4,009e-003;1,861e-003;2,154e-026;2,154e-026;3,616e-005;3,196e-003;4,095e-003;4,092e-003;4,017e-003;2,039e-003;2,154e-026;3,975e-003;4,104e-003;4,123e-003;4,038e-003;1,079e-003;2,154e-026;2,154e-026;7,053e-003;2,154e-026;4,090e-003;2,154e-026;4,589e-003;4,788e-003;4,469e-003;5,454e-003;4,849e-003;4,312e-003;4,050e-003;9,245e-003;9,561e-003;9,650e-003;8,540e-003;8,033e-003;1,613e-003
548;3,645e-003;3,588e-003;1,703e-003;2,158e-026;2,158e-026;1,868e-004;3,554e-003;3,683e-003;3,647e-003;3,560e-003;1,655e-003;2,158e-026;2,158e-026;2,100e-005;2,830e-003;3,641e-003;3,641e-003;3,585e-003;1,803e-003;2,158e-026;3,538e-003;3,657e-003;3,660e-003;3,606e-003;9,527e-004;2,158e-026;2,158e-026;7,203e-003;2,158e-026;3,639e-003;2,158e-026;4,424e-003;4,666e-003;4,444e-003;5,323e-003;4,766e-003;4,303e-003;4,067e-003;8,917e-003;9,310e-003;9,477e-003;8,511e-003;8,064e-003;1,571e-003
550;3,222e-003;3,180e-003;1,508e-003;2,166e-026;2,166e-026;1,549e-004;3,148e-003;3,266e-003;3,236e-003;3,159e-003;1,465e-003;2,166e-026;2,166e-026;3,757e-008;2,502e-003;3,235e-003;3,233e-003;3,170e-003;1,598e-003;2,166e-026;3,138e-003;3,236e-003;3,256e-003;3,201e-003;8,330e-004;2,166e-026;2,166e-026;7,358e-003;2,166e-026;3,229e-003;2,166e-026;4,288e-003;4,570e-003;4,437e-003;5,213e-003;4,699e-003;4,303e-003;4,092e-003;8,639e-003;9,099e-003;9,351e-003;8,501e-003;8,112e-003;1,537e-003
552;2,850e-003;2,824e-003;1,316e-003;2,173e-026;2,173e-026;1,300e-004;2,776e-003;2,877e-003;2,867e-003;2,794e-003;1,284e-003;2,173e-026;2,173e-026;2,173e-026;2,198e-003;2,857e-003;2,850e-003;2,801e-003;1,410e-003;2,173e-026;2,764e-003;2,855e-003;2,874e-003;2,819e-003;7,340e-004;2,173e-026;2,173e-026;7,514e-003;2,173e-026;2,845e-003;2,173e-026;4,169e-003;4,478e-003;4,433e-003;5,120e-003;4,645e-003;4,311e-003;4,118e-003;8,391e-003;8,912e-003;9,249e-003;8,507e-003;8,174e-003;1,502e-003
554;2,522e-003;2,501e-003;1,165e-003;2,182e-026;2,182e-026;1,061e-004;2,451e-003;2,529e-003;2,532e-003;2,463e-003;1,137e-003;2,182e-026;2,182e-026;2,182e-026;1,927e-003;2,500e-003;2,508e-003;2,484e-003;1,227e-003;2,182e-026;2,428e-003;2,525e-003;2,530e-003;2,491e-003;6,645e-004;2,182e-026;2,182e-026;7,677e-003;2,182e-026;2,498e-003;2,182e-026;4,067e-003;4,404e-003;4,437e-003;5,038e-003;4,613e-003;4,318e-003;4,151e-003;8,175e-003;8,768e-003;9,164e-003;8,532e-003;8,243e-003;1,478e-003
556;2,164e-003;2,142e-003;1,005e-003;2,192e-026;2,192e-026;8,006e-005;2,095e-003;2,168e-003;2,183e-003;2,116e-003;9,807e-004;2,192e-026;2,192e-026;2,192e-026;1,663e-003;2,170e-003;2,150e-003;2,134e-003;1,063e-003;1,664e-007;2,084e-003;2,178e-003;2,192e-003;2,140e-003;5,346e-004;2,192e-026;2,192e-026;7,849e-003;2,192e-026;2,142e-003;2,192e-026;3,965e-003;4,343e-003;4,451e-003;4,957e-003;4,566e-003;4,331e-003;4,181e-003;7,971e-003;8,616e-003;9,090e-003;8,558e-003;8,326e-003;1,457e-003
558;1,896e-003;1,897e-003;8,737e-004;2,206e-026;2,206e-026;6,102e-005;1,820e-003;1,912e-003;1,910e-003;1,861e-003;8,601e-004;2,206e-026;2,206e-026;2,206e-026;1,436e-003;1,891e-003;1,885e-003;1,876e-003;9,334e-004;3,772e-006;1,816e-003;1,893e-003;1,917e-003;1,881e-003;4,819e-004;2,206e-026;2,206e-026;8,016e-003;2,206e-026;1,871e-003;2,206e-026;3,904e-003;4,300e-003;4,477e-003;4,926e-003;4,568e-003;4,369e-003;4,230e-003;7,837e-003;8,545e-003;9,074e-003;8,631e-003;8,423e-003;1,437e-003
560;1,655e-003;1,662e-003;7,707e-004;2,222e-026;2,222e-026;5,862e-005;1,593e-003;1,662e-003;1,680e-003;1,639e-003;7,457e-004;2,222e-026;2,222e-026;2,222e-026;1,238e-003;1,646e-003;1,642e-003;1,645e-003;8,084e-004;1,105e-005;1,582e-003;1,658e-003;1,679e-003;1,649e-003;4,156e-004;2,222e-026;2,222e-026;8,195e-003;2,222e-026;1,630e-003;2,222e-026;3,859e-003;4,278e-003;4,513e-003;4,906e-003;4,563e-003;4,407e-003;4,288e-003;7,742e-003;8,489e-003;9,077e-003;8,716e-003;8,543e-003;1,431e-003
562;1,443e-003;1,456e-003;6,771e-004;2,241e-026;2,241e-026;3,015e-005;1,391e-003;1,450e-003;1,467e-003;1,442e-003;6,578e-004;2,241e-026;2,241e-026;2,241e-026;1,083e-003;1,441e-003;1,435e-003;1,443e-003;6,952e-004;2,046e-005;1,370e-003;1,456e-003;1,477e-003;1,453e-003;3,638e-004;2,241e-026;2,241e-026;8,371e-003;2,241e-026;1,421e-003;2,241e-026;3,824e-003;4,269e-003;4,558e-003;4,899e-003;4,582e-003;4,452e-003;4,351e-003;7,681e-003;8,470e-003;9,114e-003;8,808e-003;8,669e-003;1,430e-003
564;1,270e-003;1,274e-003;5,983e-004;5,253e-007;2,263e-026;1,770e-005;1,203e-003;1,259e-003;1,294e-003;1,269e-003;5,904e-004;2,263e-026;2,263e-026;2,263e-026;9,304e-004;1,263e-003;1,256e-003;1,273e-003;6,117e-004;3,120e-005;1,199e-003;1,278e-003;1,288e-003;1,271e-003;3,271e-004;2,263e-026;2,263e-026;8,550e-003;2,263e-026;1,245e-003;2,263e-026;3,816e-003;4,275e-003;4,605e-003;4,910e-003;4,616e-003;4,514e-003;4,417e-003;7,639e-003;8,473e-003;9,171e-003;8,925e-003;8,804e-003;1,440e-003
566;1,109e-003;1,118e-003;5,171e-004;1,395e-006;2,287e-026;7,799e-006;1,038e-003;1,104e-003;1,131e-003;1,115e-003;5,205e-004;2,338e-007;2,287e-026;2,287e-026;8,053e-004;1,085e-003;1,090e-003;1,103e-003;5,424e-004;3,971e-005;1,033e-003;1,106e-003;1,128e-003;1,117e-003;2,864e-004;7,352e-008;2,287e-026;8,737e-003;2,287e-026;1,073e-003;2,287e-026;3,800e-003;4,288e-003;4,677e-003;4,923e-003;4,648e-003;4,578e-003;4,491e-003;7,615e-003;8,503e-003;9,240e-003;9,046e-003;8,948e-003;1,447e-003
568;9,619e-004;9,859e-004;4,575e-004;1,574e-005;2,311e-026;4,448e-006;9,016e-004;9,428e-004;9,825e-004;9,800e-004;4,614e-004;6,887e-006;2,311e-026;2,311e-026;7,068e-004;9,512e-004;9,395e-004;9,543e-004;4,736e-004;4,760e-005;8,990e-004;9,633e-004;9,807e-004;9,748e-004;2,624e-004;9,655e-007;2,311e-026;8,936e-003;2,311e-026;9,219e-004;1,645e-006;3,801e-003;4,314e-003;4,747e-003;4,957e-003;4,696e-003;4,646e-003;4,567e-003;7,621e-003;8,549e-003;9,322e-003;9,191e-003;9,115e-003;1,454e-003
570;8,412e-004;8,812e-004;4,175e-004;3,224e-005;2,339e-026;7,471e-006;7,847e-004;8,217e-004;8,642e-004;8,763e-004;4,234e-004;2,490e-005;2,339e-026;2,339e-026;6,018e-004;8,121e-004;8,148e-004;8,620e-004;4,361e-004;6,426e-005;7,761e-004;8,484e-004;8,494e-004;8,619e-004;2,587e-004;1,514e-005;2,339e-026;9,130e-003;2,339e-026;8,042e-004;1,294e-005;3,825e-003;4,350e-003;4,820e-003;5,001e-003;4,756e-003;4,719e-003;4,651e-003;7,652e-003;8,612e-003;9,426e-003;9,339e-003;9,275e-003;1,467e-003
572;7,473e-004;8,020e-004;3,983e-004;5,102e-005;2,367e-026;2,367e-026;6,774e-004;7,152e-004;7,666e-004;7,876e-004;3,958e-004;4,956e-005;2,367e-026;2,367e-026;5,121e-004;7,198e-004;7,002e-004;7,756e-004;3,927e-004;8,071e-005;6,737e-004;7,518e-004;7,583e-004;7,743e-004;2,345e-004;4,026e-005;2,367e-026;9,320e-003;2,367e-026;7,016e-004;2,950e-005;3,844e-003;4,392e-003;4,896e-003;5,048e-003;4,810e-003;4,799e-003;4,734e-003;7,700e-003;8,692e-003;9,547e-003;9,487e-003;9,446e-003;1,473e-003
574;6,442e-004;7,378e-004;3,658e-004;8,098e-005;2,121e-005;1,076e-007;5,918e-004;6,174e-004;6,763e-004;7,186e-004;3,724e-004;6,810e-005;1,728e-006;2,397e-026;4,502e-004;6,241e-004;6,173e-004;7,084e-004;3,667e-004;9,655e-005;5,870e-004;6,479e-004;6,616e-004;7,030e-004;2,375e-004;6,081e-005;2,397e-026;9,504e-003;2,397e-026;6,146e-004;4,975e-005;3,874e-003;4,442e-003;4,977e-003;5,097e-003;4,876e-003;4,884e-003;4,824e-003;7,745e-003;8,785e-003;9,674e-003;9,638e-003;9,621e-003;1,494e-003
576;5,901e-004;6,769e-004;3,543e-004;9,470e-005;3,771e-005;6,253e-006;5,064e-004;5,351e-004;6,002e-004;6,534e-004;3,725e-004;9,447e-005;2,898e-005;2,429e-026;3,912e-004;5,612e-004;5,463e-004;6,522e-004;3,515e-004;1,297e-004;5,115e-004;5,705e-004;5,908e-004;6,401e-004;2,441e-004;8,393e-005;2,429e-026;9,694e-003;2,429e-026;5,227e-004;6,071e-005;3,907e-003;4,487e-003;5,052e-003;5,162e-003;4,940e-003;4,961e-003;4,913e-003;7,811e-003;8,878e-003;9,814e-003;9,802e-003;9,797e-003;1,517e-003
578;5,178e-004;6,281e-004;3,426e-004;1,242e-004;5,183e-005;8,246e-008;4,352e-004;4,666e-004;5,271e-004;6,225e-004;3,645e-004;1,320e-004;4,065e-005;2,465e-026;3,355e-004;4,700e-004;4,728e-004;6,045e-004;3,515e-004;1,612e-004;4,320e-004;4,849e-004;5,245e-004;5,981e-004;2,676e-004;1,186e-004;2,465e-026;9,902e-003;2,465e-026;4,437e-004;1,031e-004;3,941e-003;4,542e-003;5,155e-003;5,251e-003;5,017e-003;5,056e-003;5,017e-003;7,884e-003;8,995e-003;9,956e-003;9,986e-003;9,991e-003;1,524e-003
580;4,730e-004;6,074e-004;3,583e-004;1,784e-004;7,979e-005;1,144e-007;3,582e-004;3,943e-004;4,923e-004;6,086e-004;3,857e-004;1,778e-004;6,143e-005;2,500e-026;2,830e-004;4,145e-004;4,001e-004;5,780e-004;3,734e-004;2,012e-004;3,682e-004;4,415e-004;4,981e-004;5,801e-004;2,903e-004;1,703e-004;2,500e-026;1,009e-002;2,500e-026;3,860e-004;1,405e-004;3,983e-003;4,605e-003;5,243e-003;5,318e-003;5,095e-003;5,147e-003;5,109e-003;7,970e-003;9,117e-003;1,011e-002;1,016e-002;1,018e-002;1,553e-003
582;4,219e-004;6,145e-004;3,906e-004;2,257e-004;1,162e-004;2,536e-026;3,118e-004;3,438e-004;4,444e-004;6,082e-004;4,066e-004;2,409e-004;1,117e-004;2,536e-026;2,390e-004;3,665e-004;3,584e-004;5,942e-004;3,919e-004;2,565e-004;3,113e-004;3,798e-004;4,673e-004;5,868e-004;3,457e-004;2,168e-004;2,536e-026;1,027e-002;2,536e-026;3,359e-004;2,014e-004;4,022e-003;4,664e-003;5,333e-003;5,387e-003;5,177e-003;5,241e-003;5,204e-003;8,061e-003;9,237e-003;1,026e-002;1,034e-002;1,037e-002;1,578e-003
584;4,026e-004;6,416e-004;4,446e-004;2,960e-004;1,454e-004;2,574e-026;2,788e-004;2,897e-004;4,134e-004;6,429e-004;4,549e-004;3,105e-004;1,308e-004;2,574e-026;2,127e-004;3,108e-004;3,318e-004;6,221e-004;4,273e-004;3,317e-004;2,605e-004;3,256e-004;4,387e-004;5,988e-004;3,988e-004;2,968e-004;5,960e-007;1,046e-002;2,574e-026;2,858e-004;2,723e-004;4,076e-003;4,726e-003;5,418e-003;5,466e-003;5,257e-003;5,330e-003;5,304e-003;8,150e-003;9,368e-003;1,042e-002;1,052e-002;1,056e-002;1,594e-003
586;3,690e-004;6,735e-004;5,099e-004;3,977e-004;1,860e-004;2,613e-026;2,407e-004;2,623e-004;3,895e-004;6,870e-004;5,268e-004;3,899e-004;1,798e-004;8,242e-006;1,731e-004;2,787e-004;2,952e-004;6,711e-004;5,059e-004;4,104e-004;2,100e-004;2,772e-004;4,201e-004;6,527e-004;4,583e-004;3,869e-004;7,095e-006;1,064e-002;2,613e-026;2,459e-004;3,533e-004;4,116e-003;4,792e-003;5,519e-003;5,541e-003;5,335e-003;5,415e-003;5,404e-003;8,239e-003;9,489e-003;1,058e-002;1,071e-002;1,076e-002;1,616e-003
588;3,666e-004;7,434e-004;6,125e-004;5,124e-004;2,463e-004;2,651e-026;2,037e-004;2,145e-004;3,735e-004;7,573e-004;6,284e-004;5,112e-004;2,382e-004;1,442e-006;1,420e-004;2,455e-004;2,745e-004;7,498e-004;5,980e-004;5,156e-004;1,838e-004;2,429e-004;4,384e-004;7,379e-004;5,761e-004;5,050e-004;1,158e-005;1,079e-002;2,651e-026;2,041e-004;4,810e-004;4,164e-003;4,857e-003;5,615e-003;5,604e-003;5,414e-003;5,508e-003;5,509e-003;8,325e-003;9,608e-003;1,073e-002;1,090e-002;1,094e-002;1,637e-003
590;3,710e-004;8,595e-004;7,365e-004;6,535e-004;3,208e-004;2,689e-026;1,725e-004;1,885e-004;3,813e-004;8,756e-004;7,714e-004;6,418e-004;3,068e-004;6,048e-006;1,207e-004;2,231e-004;2,507e-004;8,528e-004;7,240e-004;6,569e-004;1,607e-004;2,182e-004;4,662e-004;8,369e-004;7,227e-004;6,430e-004;4,015e-005;1,093e-002;2,689e-026;1,712e-004;6,153e-004;4,204e-003;4,917e-003;5,699e-003;5,682e-003;5,501e-003;5,596e-003;5,605e-003;8,411e-003;9,737e-003;1,089e-002;1,106e-002;1,114e-002;1,657e-003
592;3,787e-004;9,995e-004;8,894e-004;8,269e-004;4,139e-004;2,727e-026;1,400e-004;1,604e-004;3,860e-004;1,017e-003;9,237e-004;8,204e-004;4,012e-004;2,727e-026;1,158e-004;1,934e-004;2,358e-004;9,990e-004;8,762e-004;8,372e-004;1,408e-004;1,824e-004;5,153e-004;9,838e-004;8,743e-004;8,046e-004;7,344e-005;1,108e-002;2,727e-026;1,465e-004;7,942e-004;4,247e-003;4,980e-003;5,793e-003;5,746e-003;5,569e-003;5,692e-003;5,711e-003;8,484e-003;9,843e-003;1,102e-002;1,123e-002;1,134e-002;1,676e-003
594;4,174e-004;1,167e-003;1,095e-003;1,030e-003;5,107e-004;2,763e-026;1,290e-004;1,352e-004;4,152e-004;1,194e-003;1,119e-003;1,022e-003;4,979e-004;4,877e-006;9,171e-005;1,703e-004;2,213e-004;1,185e-003;1,075e-003;1,038e-003;1,138e-004;1,527e-004;5,782e-004;1,170e-003;1,067e-003;1,017e-003;1,129e-004;1,119e-002;2,763e-026;1,292e-004;1,004e-003;4,282e-003;5,029e-003;5,884e-003;5,800e-003;5,644e-003;5,779e-003;5,812e-003;8,561e-003;9,952e-003;1,116e-002;1,141e-002;1,153e-002;1,689e-003
596;4,492e-004;1,394e-003;1,344e-003;1,278e-003;6,347e-004;2,799e-026;8,658e-005;1,051e-004;4,659e-004;1,419e-003;1,373e-003;1,271e-003;6,243e-004;2,190e-006;7,044e-005;1,459e-004;2,198e-004;1,402e-003;1,310e-003;1,276e-003;9,000e-005;1,193e-004;6,539e-004;1,406e-003;1,326e-003;1,240e-003;1,297e-004;1,130e-002;2,799e-026;1,072e-004;1,260e-003;4,317e-003;5,079e-003;5,969e-003;5,855e-003;5,715e-003;5,868e-003;5,913e-003;8,622e-003;1,007e-002;1,131e-002;1,160e-002;1,174e-002;1,706e-003
598;5,187e-004;1,685e-003;1,642e-003;1,604e-003;8,101e-004;2,833e-026;7,594e-005;9,523e-005;5,292e-004;1,713e-003;1,673e-003;1,595e-003;7,913e-004;2,833e-026;8,786e-005;1,349e-004;2,025e-004;1,714e-003;1,632e-003;1,609e-003;5,887e-005;9,054e-005;7,696e-004;1,707e-003;1,655e-003;1,580e-003;1,974e-004;1,139e-002;2,833e-026;9,131e-005;1,583e-003;4,329e-003;5,132e-003;6,059e-003;5,891e-003;5,789e-003;5,955e-003;6,026e-003;8,672e-003;1,017e-002;1,144e-002;1,177e-002;1,195e-002;1,719e-003
600;5,884e-004;2,083e-003;2,041e-003;1,998e-003;9,910e-004;2,865e-026;6,910e-005;8,521e-005;6,050e-004;2,111e-003;2,068e-003;1,995e-003;1,006e-003;2,865e-026;4,875e-005;1,233e-004;2,286e-004;2,087e-003;2,032e-003;2,005e-003;5,494e-005;6,972e-005;9,193e-004;2,121e-003;2,058e-003;1,988e-003;2,447e-004;1,147e-002;2,865e-026;7,126e-005;1,996e-003;4,351e-003;5,176e-003;6,164e-003;5,939e-003;5,850e-003;6,052e-003;6,146e-003;8,705e-003;1,026e-002;1,158e-002;1,196e-002;1,219e-002;1,725e-003
602;6,968e-004;2,523e-003;2,500e-003;2,456e-003;1,238e-003;2,891e-026;5,514e-005;5,810e-005;7,159e-004;2,557e-003;2,524e-003;2,449e-003;1,239e-003;2,891e-026;5,357e-005;1,010e-004;2,574e-004;2,535e-003;2,505e-003;2,465e-003;3,623e-005;6,019e-005;1,098e-003;2,570e-003;2,522e-003;2,470e-003;3,232e-004;1,150e-002;2,891e-026;5,853e-005;2,473e-003;4,368e-003;5,215e-003;6,242e-003;5,971e-003;5,909e-003;6,151e-003;6,262e-003;8,724e-003;1,034e-002;1,170e-002;1,214e-002;1,241e-002;1,743e-003
604;8,211e-004;3,063e-003;3,062e-003;3,028e-003;1,529e-003;2,916e-026;3,704e-005;5,360e-005;8,409e-004;3,093e-003;3,077e-003;3,018e-003;1,530e-003;2,916e-026;3,885e-005;8,422e-005;2,827e-004;3,080e-003;3,060e-003;3,015e-003;1,027e-005;3,696e-005;1,336e-003;3,124e-003;3,091e-003;3,022e-003;3,945e-004;1,152e-002;2,916e-026;4,770e-005;3,050e-003;4,372e-003;5,263e-003;6,339e-003;5,995e-003;5,987e-003;6,249e-003;6,394e-003;8,738e-003;1,043e-002;1,184e-002;1,235e-002;1,267e-002;1,756e-003
606;9,920e-004;3,742e-003;3,753e-003;3,713e-003;1,886e-003;2,940e-026;3,162e-005;4,507e-005;1,007e-003;3,773e-003;3,753e-003;3,698e-003;1,888e-003;2,940e-026;1,782e-005;7,346e-005;3,176e-004;3,763e-003;3,754e-003;3,715e-003;1,198e-005;4,082e-005;1,598e-003;3,821e-003;3,789e-003;3,729e-003;4,905e-004;1,153e-002;2,940e-026;3,895e-005;3,769e-003;4,376e-003;5,307e-003;6,450e-003;6,012e-003;6,058e-003;6,359e-003;6,544e-003;8,729e-003;1,051e-002;1,197e-002;1,259e-002;1,297e-002;1,758e-003
608;1,200e-003;4,618e-003;4,613e-003;4,592e-003;2,345e-003;2,960e-026;2,510e-005;3,940e-005;1,236e-003;4,635e-003;4,624e-003;4,571e-003;2,332e-003;2,960e-026;6,597e-006;7,461e-005;3,706e-004;4,638e-003;4,649e-003;4,606e-003;8,094e-006;3,007e-005;1,948e-003;4,699e-003;4,698e-003;4,623e-003;6,359e-004;1,150e-002;2,960e-026;3,660e-005;4,684e-003;4,354e-003;5,341e-003;6,573e-003;6,031e-003;6,127e-003;6,491e-003;6,711e-003;8,699e-003;1,059e-002;1,212e-002;1,284e-002;1,333e-002;1,756e-003
610;1,495e-003;5,791e-003;5,803e-003;5,761e-003;2,976e-003;2,985e-026;2,867e-005;2,108e-005;1,544e-003;5,811e-003;5,809e-003;5,750e-003;2,962e-003;2,985e-026;6,546e-008;5,087e-005;4,394e-004;5,797e-003;5,854e-003;5,795e-003;4,069e-007;1,773e-005;2,449e-003;5,916e-003;5,914e-003;5,816e-003;8,154e-004;1,144e-002;2,985e-026;3,463e-005;5,918e-003;4,329e-003;5,393e-003;6,730e-003;6,019e-003;6,219e-003;6,661e-003;6,946e-003;8,643e-003;1,068e-002;1,231e-002;1,319e-002;1,379e-002;1,764e-003
612;1,837e-003;7,120e-003;7,145e-003;7,130e-003;3,695e-003;3,012e-026;1,617e-005;1,998e-005;1,897e-003;7,146e-003;7,164e-003;7,099e-003;3,686e-003;3,012e-026;1,901e-007;3,478e-005;5,264e-004;7,146e-003;7,216e-003;7,158e-003;1,182e-006;3,012e-026;3,019e-003;7,300e-003;7,299e-003;7,210e-003;1,023e-003;1,137e-002;3,012e-026;3,015e-005;7,333e-003;4,307e-003;5,448e-003;6,910e-003;6,019e-003;6,336e-003;6,844e-003;7,205e-003;8,595e-003;1,079e-002;1,252e-002;1,359e-002;1,433e-002;1,761e-003
614;2,264e-003;8,781e-003;8,824e-003;8,802e-003;4,571e-003;3,044e-026;1,487e-006;2,252e-005;2,332e-003;8,791e-003;8,843e-003;8,768e-003;4,574e-003;3,044e-026;3,044e-026;4,016e-005;6,291e-004;8,806e-003;8,909e-003;8,831e-003;3,044e-026;3,044e-026;3,726e-003;9,027e-003;9,032e-003;8,922e-003;1,280e-003;1,128e-002;3,044e-026;2,757e-005;9,083e-003;4,269e-003;5,515e-003;7,136e-003;6,011e-003;6,457e-003;7,084e-003;7,529e-003;8,527e-003;1,092e-002;1,278e-002;1,408e-002;1,500e-002;1,775e-003
616;2,803e-003;1,082e-002;1,089e-002;1,086e-002;5,673e-003;3,083e-026;3,171e-008;1,121e-005;2,890e-003;1,084e-002;1,090e-002;1,083e-002;5,651e-003;3,083e-026;3,083e-026;1,843e-005;7,517e-004;1,085e-002;1,098e-002;1,090e-002;3,083e-026;3,083e-026;4,598e-003;1,114e-002;1,118e-002;1,105e-002;1,596e-003;1,118e-002;3,083e-026;2,455e-005;1,123e-002;4,219e-003;5,604e-003;7,418e-003;6,008e-003;6,621e-003;7,379e-003;7,909e-003;8,435e-003;1,110e-002;1,310e-002;1,467e-002;1,581e-002;1,787e-003
618;3,471e-003;1,342e-002;1,351e-002;1,348e-002;7,067e-003;3,130e-026;9,379e-008;1,263e-005;3,597e-003;1,346e-002;1,353e-002;1,346e-002;7,065e-003;3,130e-026;3,130e-026;5,068e-006;9,120e-004;1,347e-002;1,361e-002;1,355e-002;3,130e-026;3,130e-026;5,711e-003;1,383e-002;1,389e-002;1,373e-002;2,011e-003;1,102e-002;3,130e-026;1,738e-005;1,397e-002;4,161e-003;5,710e-003;7,773e-003;6,002e-003;6,813e-003;7,747e-003;8,417e-003;8,312e-003;1,131e-002;1,353e-002;1,543e-002;1,684e-002;1,810e-003
620;4,327e-003;1,677e-002;1,687e-002;1,685e-002;8,856e-003;3,190e-026;3,190e-026;1,728e-006;4,461e-003;1,681e-002;1,689e-002;1,683e-002;8,826e-003;3,190e-026;3,190e-026;1,754e-006;1,153e-003;1,682e-002;1,702e-002;1,693e-002;3,190e-026;3,190e-026;7,148e-003;1,728e-002;1,738e-002;1,718e-002;2,536e-003;1,084e-002;3,190e-026;1,563e-005;1,748e-002;4,093e-003;5,846e-003;8,229e-003;6,009e-003;7,060e-003;8,222e-003;9,046e-003;8,176e-003;1,158e-002;1,403e-002;1,638e-002;1,815e-002;1,817e-003
622;5,231e-003;2,032e-002;2,044e-002;2,040e-002;1,071e-002;3,254e-026;3,254e-026;4,978e-006;5,401e-003;2,038e-002;2,046e-002;2,037e-002;1,072e-002;3,254e-026;3,254e-026;1,099e-006;1,365e-003;2,037e-002;2,059e-002;2,052e-002;3,254e-026;3,254e-026;8,634e-003;2,093e-002;2,103e-002;2,080e-002;3,068e-003;1,066e-002;3,254e-026;2,861e-005;2,117e-002;4,027e-003;5,984e-003;8,694e-003;6,017e-003;7,332e-003;8,685e-003;9,696e-003;8,041e-003;1,187e-002;1,455e-002;1,736e-002;1,946e-002;1,830e-003
624;6,173e-003;2,418e-002;2,428e-002;2,425e-002;1,271e-002;3,328e-026;3,328e-026;3,328e-026;6,398e-003;2,421e-002;2,432e-002;2,423e-002;1,269e-002;3,328e-026;3,328e-026;1,017e-006;1,610e-003;2,423e-002;2,448e-002;2,439e-002;3,328e-026;3,328e-026;1,020e-002;2,485e-002;2,495e-002;2,468e-002;3,624e-003;1,048e-002;3,328e-026;3,559e-005;2,510e-002;3,962e-003;6,123e-003;9,175e-003;6,011e-003;7,577e-003;9,171e-003;1,034e-002;7,897e-003;1,213e-002;1,503e-002;1,829e-002;2,076e-002;1,848e-003
626;7,064e-003;2,802e-002;2,809e-002;2,810e-002;1,461e-002;3,411e-026;3,411e-026;3,689e-006;7,338e-003;2,801e-002;2,814e-002;2,805e-002;1,459e-002;3,411e-026;3,411e-026;5,162e-007;1,818e-003;2,804e-002;2,833e-002;2,824e-002;3,411e-026;3,411e-026;1,166e-002;2,863e-002;2,874e-002;2,842e-002;4,136e-003;1,028e-002;3,411e-026;3,001e-005;2,889e-002;3,888e-003;6,237e-003;9,591e-003;5,996e-003;7,765e-003;9,574e-003;1,090e-002;7,747e-003;1,232e-002;1,539e-002;1,905e-002;2,182e-002;1,841e-003
628;7,804e-003;3,132e-002;3,137e-002;3,139e-002;1,612e-002;3,501e-026;3,501e-026;5,490e-007;8,077e-003;3,131e-002;3,138e-002;3,132e-002;1,611e-002;3,501e-026;3,501e-026;3,501e-026;1,984e-003;3,131e-002;3,158e-002;3,152e-002;3,501e-026;3,501e-026;1,277e-002;3,179e-002;3,190e-002;3,152e-002;4,485e-003;1,006e-002;3,501e-026;2,910e-005;3,199e-002;3,806e-003;6,261e-003;9,818e-003;5,965e-003;7,802e-003;9,756e-003;1,121e-002;7,585e-003;1,235e-002;1,543e-002;1,937e-002;2,232e-002;1,815e-003
630;8,036e-003;3,306e-002;3,306e-002;3,309e-002;1,671e-002;3,597e-026;3,597e-026;3,597e-026;8,324e-003;3,303e-002;3,305e-002;3,299e-002;1,670e-002;3,597e-026;3,597e-026;3,597e-026;2,062e-003;3,298e-002;3,325e-002;3,317e-002;3,597e-026;3,597e-026;1,312e-002;3,324e-002;3,330e-002;3,288e-002;4,559e-003;9,805e-003;3,597e-026;3,242e-005;3,330e-002;3,713e-003;6,138e-003;9,709e-003;5,826e-003;7,619e-003;9,611e-003;1,108e-002;7,398e-003;1,209e-002;1,500e-002;1,898e-002;2,190e-002;1,766e-003
632;7,723e-003;3,261e-002;3,254e-002;3,260e-002;1,615e-002;3,692e-026;3,692e-026;5,258e-006;8,006e-003;3,254e-002;3,250e-002;3,248e-002;1,612e-002;3,692e-026;3,692e-026;3,692e-026;1,939e-003;3,249e-002;3,270e-002;3,259e-002;3,692e-026;3,692e-026;1,256e-002;3,243e-002;3,243e-002;3,200e-002;4,295e-003;9,596e-003;3,692e-026;2,895e-005;3,234e-002;3,632e-003;5,916e-003;9,283e-003;5,652e-003;7,249e-003;9,139e-003;1,052e-002;7,225e-003;1,159e-002;1,423e-002;1,798e-002;2,064e-002;1,695e-003
634;6,917e-003;3,011e-002;2,996e-002;3,004e-002;1,457e-002;3,789e-026;3,789e-026;5,560e-006;7,194e-003;2,999e-002;2,987e-002;2,988e-002;1,451e-002;3,789e-026;3,789e-026;3,789e-026;1,713e-003;2,992e-002;3,005e-002;2,997e-002;3,789e-026;3,789e-026;1,121e-002;2,957e-002;2,950e-002;2,908e-002;3,738e-003;9,368e-003;3,789e-026;2,746e-005;2,932e-002;3,538e-003;5,576e-003;8,585e-003;5,431e-003;6,737e-003;8,426e-003;9,639e-003;7,034e-003;1,092e-002;1,322e-002;1,648e-002;1,876e-002;1,613e-003
636;5,788e-003;2,587e-002;2,569e-002;2,579e-002;1,221e-002;3,884e-026;3,884e-026;3,884e-026;5,995e-003;2,574e-002;2,558e-002;2,561e-002;1,219e-002;3,884e-026;3,884e-026;3,884e-026;1,415e-003;2,564e-002;2,574e-002;2,567e-002;3,884e-026;3,884e-026;9,297e-003;2,508e-002;2,495e-002;2,457e-002;3,039e-003;9,128e-003;3,884e-026;2,815e-005;2,473e-002;3,434e-003;5,187e-003;7,722e-003;5,197e-003;6,174e-003;7,555e-003;8,561e-003;6,845e-003;1,013e-002;1,210e-002;1,475e-002;1,656e-002;1,517e-003
638;4,418e-003;2,028e-002;2,010e-002;2,020e-002;9,327e-003;3,983e-026;3,983e-026;3,983e-026;4,556e-003;2,017e-002;2,002e-002;2,002e-002;9,308e-003;3,983e-026;3,983e-026;3,983e-026;1,049e-003;2,010e-002;2,010e-002;2,005e-002;3,983e-026;3,983e-026;7,027e-003;1,940e-002;1,926e-002;1,895e-002;2,220e-003;8,863e-003;3,983e-026;3,428e-005;1,902e-002;3,345e-003;4,767e-003;6,786e-003;4,905e-003;5,577e-003;6,628e-003;7,368e-003;6,612e-003;9,288e-003;1,093e-002;1,294e-002;1,424e-002;1,426e-003
640;3,178e-003;1,500e-002;1,480e-002;1,484e-002;6,730e-003;4,079e-026;4,079e-026;4,079e-026;3,316e-003;1,489e-002;1,472e-002;1,475e-002;6,714e-003;4,079e-026;4,079e-026;4,079e-026;7,243e-004;1,480e-002;1,481e-002;1,475e-002;4,079e-026;4,079e-026;5,090e-003;1,418e-002;1,405e-002;1,381e-002;1,540e-003;8,578e-003;4,079e-026;1,844e-005;1,385e-002;3,217e-003;4,377e-003;5,966e-003;4,654e-003;5,084e-003;5,847e-003;6,360e-003;6,393e-003;8,590e-003;9,970e-003;1,142e-002;1,235e-002;1,340e-003
642;2,269e-003;1,087e-002;1,071e-002;1,076e-002;4,783e-003;4,172e-026;4,172e-026;9,157e-007;2,359e-003;1,080e-002;1,065e-002;1,067e-002;4,781e-003;4,172e-026;4,172e-026;4,172e-026;4,987e-004;1,071e-002;1,073e-002;1,067e-002;4,172e-026;4,172e-026;3,638e-003;1,021e-002;1,007e-002;9,921e-003;1,050e-003;8,330e-003;4,172e-026;1,631e-005;9,945e-003;3,097e-003;4,081e-003;5,375e-003;4,423e-003;4,680e-003;5,264e-003;5,634e-003;6,187e-003;8,019e-003;9,234e-003;1,031e-002;1,097e-002;1,280e-003
644;1,626e-003;7,742e-003;7,621e-003;7,649e-003;3,336e-003;4,267e-026;4,267e-026;7,959e-007;1,689e-003;7,689e-003;7,567e-003;7,588e-003;3,339e-003;4,267e-026;4,267e-026;4,267e-026;3,313e-004;7,614e-003;7,624e-003;7,577e-003;4,267e-026;4,267e-026;2,573e-003;7,279e-003;7,122e-003;7,028e-003;6,870e-004;8,073e-003;4,267e-026;2,019e-005;7,050e-003;3,003e-003;3,847e-003;4,891e-003;4,224e-003;4,363e-003;4,810e-003;5,072e-003;5,990e-003;7,547e-003;8,643e-003;9,448e-003;9,906e-003;1,224e-003
646;1,138e-003;5,492e-003;5,394e-003;5,411e-003;2,308e-003;4,357e-026;4,357e-026;4,357e-026;1,172e-003;5,458e-003;5,376e-003;5,360e-003;2,320e-003;4,357e-026;4,357e-026;4,357e-026;2,090e-004;5,395e-003;5,394e-003;5,351e-003;4,357e-026;4,357e-026;1,778e-003;5,172e-003;5,020e-003;4,950e-003;4,659e-004;7,815e-003;4,357e-026;2,723e-005;4,974e-003;2,901e-003;3,635e-003;4,533e-003;4,055e-003;4,103e-003;4,423e-003;4,625e-003;5,781e-003;7,152e-003;8,138e-003;8,755e-003;9,096e-003;1,171e-003
648;7,639e-004;3,740e-003;3,658e-003;3,675e-003;1,528e-003;4,457e-026;4,457e-026;4,457e-026;8,110e-004;3,720e-003;3,640e-003;3,663e-003;1,525e-003;4,457e-026;4,457e-026;4,457e-026;1,143e-004;3,674e-003;3,650e-003;3,647e-003;4,457e-026;4,457e-026;1,226e-003;3,522e-003;3,433e-003;3,339e-003;2,312e-004;7,519e-003;4,457e-026;2,116e-005;3,387e-003;2,794e-003;3,427e-003;4,180e-003;3,869e-003;3,850e-003;4,094e-003;4,232e-003;5,558e-003;6,745e-003;7,650e-003;8,135e-003;8,351e-003;1,128e-003
650;5,638e-004;2,669e-003;2,564e-003;2,596e-003;1,020e-003;4,548e-026;4,548e-026;4,548e-026;5,849e-004;2,660e-003;2,570e-003;2,581e-003;1,023e-003;4,548e-026;4,548e-026;4,548e-026;4,263e-005;2,602e-003;2,599e-003;2,576e-003;4,548e-026;4,548e-026;8,720e-004;2,508e-003;2,400e-003;2,340e-003;1,298e-004;7,236e-003;4,548e-026;2,228e-005;2,397e-003;2,695e-003;3,260e-003;3,929e-003;3,695e-003;3,668e-003;3,860e-003;3,951e-003;5,344e-003;6,431e-003;7,285e-003;7,637e-003;7,802e-003;1,080e-003
652;4,093e-004;1,949e-003;1,854e-003;1,839e-003;6,861e-004;4,637e-026;4,637e-026;4,637e-026;4,256e-004;1,929e-003;1,838e-003;1,844e-003;7,141e-004;4,637e-026;4,637e-026;4,637e-026;2,924e-006;1,898e-003;1,863e-003;1,843e-003;4,637e-026;1,315e-006;6,247e-004;1,828e-003;1,717e-003;1,683e-003;4,571e-005;6,980e-003;4,637e-026;2,900e-006;1,707e-003;2,593e-003;3,118e-003;3,707e-003;3,538e-003;3,492e-003;3,649e-003;3,717e-003;5,137e-003;6,136e-003;6,952e-003;7,235e-003;7,355e-003;1,040e-003
654;3,091e-004;1,398e-003;1,342e-003;1,339e-003;4,535e-004;4,727e-026;4,727e-026;4,727e-026;2,852e-004;1,397e-003;1,322e-003;1,312e-003;4,689e-004;4,727e-026;4,727e-026;4,727e-026;4,727e-026;1,364e-003;1,298e-003;1,335e-003;4,727e-026;8,597e-007;4,438e-004;1,322e-003;1,213e-003;1,216e-003;5,122e-006;6,728e-003;4,727e-026;1,896e-006;1,226e-003;2,485e-003;2,977e-003;3,533e-003;3,393e-003;3,339e-003;3,455e-003;3,503e-003;4,937e-003;5,873e-003;6,640e-003;6,894e-003;6,964e-003;1,007e-003
656;2,130e-004;1,006e-003;9,850e-004;9,350e-004;2,993e-004;4,819e-026;4,819e-026;4,819e-026;2,289e-004;1,000e-003;9,404e-004;9,755e-004;3,035e-004;4,819e-026;4,819e-026;4,819e-026;4,819e-026;9,836e-004;9,449e-004;9,555e-004;4,819e-026;4,819e-026;3,053e-004;9,891e-004;8,589e-004;8,226e-004;4,819e-026;6,443e-003;4,819e-026;4,819e-026;8,625e-004;2,380e-003;2,831e-003;3,354e-003;3,256e-003;3,194e-003;3,285e-003;3,300e-003;4,716e-003;5,613e-003;6,338e-003;6,548e-003;6,614e-003;9,604e-004
658;1,330e-004;7,036e-004;6,931e-004;6,676e-004;1,785e-004;4,915e-026;4,915e-026;4,915e-026;1,483e-004;7,188e-004;6,861e-004;6,891e-004;1,839e-004;4,915e-026;4,915e-026;4,915e-026;4,915e-026;6,845e-004;6,371e-004;6,742e-004;4,915e-026;3,746e-006;2,312e-004;7,229e-004;6,273e-004;5,668e-004;4,915e-026;6,148e-003;4,915e-026;4,915e-026;6,167e-004;2,267e-003;2,686e-003;3,173e-003;3,098e-003;3,022e-003;3,116e-003;3,117e-003;4,511e-003;5,329e-003;6,012e-003;6,197e-003;6,225e-003;9,145e-004
660;1,177e-004;5,393e-004;5,246e-004;4,986e-004;7,547e-005;5,003e-026;5,003e-026;5,003e-026;9,784e-005;5,449e-004;5,096e-004;5,048e-004;9,481e-005;5,003e-026;5,003e-026;5,003e-026;5,003e-026;5,237e-004;4,931e-004;4,877e-004;5,003e-026;1,784e-005;1,626e-004;5,589e-004;4,458e-004;4,197e-004;5,003e-026;5,903e-003;5,003e-026;5,003e-026;4,567e-004;2,178e-003;2,565e-003;3,014e-003;2,956e-003;2,905e-003;2,980e-003;2,971e-003;4,315e-003;5,106e-003;5,737e-003;5,921e-003;5,940e-003;8,779e-004
662;6,904e-005;4,448e-004;4,135e-004;3,725e-004;1,961e-005;5,094e-026;5,094e-026;5,094e-026;6,046e-005;4,100e-004;4,216e-004;3,687e-004;2,405e-005;5,094e-026;5,094e-026;5,094e-026;5,094e-026;4,159e-004;3,489e-004;3,933e-004;5,094e-026;7,756e-006;1,206e-004;4,339e-004;3,326e-004;3,155e-004;5,094e-026;5,661e-003;5,094e-026;5,094e-026;3,325e-004;2,087e-003;2,452e-003;2,879e-003;2,820e-003;2,764e-003;2,842e-003;2,823e-003;4,134e-003;4,885e-003;5,482e-003;5,652e-003;5,659e-003;8,364e-004
664;5,985e-005;3,471e-004;3,107e-004;2,657e-004;5,184e-026;5,184e-026;5,184e-026;5,184e-026;5,997e-005;3,200e-004;3,132e-004;3,158e-004;5,184e-026;5,184e-026;5,184e-026;5,184e-026;5,184e-026;3,149e-004;2,350e-004;2,940e-004;5,184e-026;5,184e-026;8,157e-005;3,556e-004;2,607e-004;2,059e-004;5,184e-026;5,405e-003;5,184e-026;5,184e-026;2,412e-004;1,989e-003;2,338e-003;2,744e-003;2,705e-003;2,652e-003;2,704e-003;2,713e-003;3,941e-003;4,658e-003;5,237e-003;5,401e-003;5,405e-003;7,866e-004
666;4,702e-005;2,392e-004;2,098e-004;2,018e-004;5,280e-026;5,280e-026;5,280e-026;5,280e-026;4,715e-005;2,067e-004;2,274e-004;2,135e-004;5,280e-026;5,280e-026;5,280e-026;5,280e-026;5,280e-026;2,555e-004;1,643e-004;2,068e-004;5,280e-026;5,280e-026;7,472e-005;2,654e-004;1,685e-004;1,232e-004;5,280e-026;5,149e-003;5,280e-026;5,280e-026;1,603e-004;1,891e-003;2,203e-003;2,595e-003;2,562e-003;2,532e-003;2,599e-003;2,554e-003;3,746e-003;4,411e-003;4,979e-003;5,117e-003;5,106e-003;7,721e-004
668;2,942e-005;1,939e-004;1,964e-004;1,377e-004;5,377e-026;5,377e-026;5,377e-026;5,377e-026;3,115e-005;1,573e-004;1,658e-004;1,706e-004;5,377e-026;5,377e-026;5,377e-026;5,377e-026;5,377e-026;1,815e-004;1,347e-004;1,396e-004;5,377e-026;9,036e-007;2,724e-005;2,091e-004;1,342e-004;7,394e-005;5,377e-026;4,900e-003;5,377e-026;5,377e-026;1,174e-004;1,806e-003;2,098e-003;2,461e-003;2,445e-003;2,402e-003;2,456e-003;2,418e-003;3,568e-003;4,219e-003;4,728e-003;4,883e-003;4,853e-003;7,130e-004
670;4,797e-005;1,317e-004;1,379e-004;1,178e-004;5,474e-026;5,474e-026;5,474e-026;5,474e-026;4,571e-005;1,099e-004;1,341e-004;1,142e-004;5,474e-026;5,474e-026;5,474e-026;5,474e-026;5,474e-026;1,538e-004;4,947e-005;8,281e-005;5,474e-026;1,614e-006;2,283e-005;1,910e-004;9,005e-005;2,718e-005;5,474e-026;4,679e-003;5,474e-026;5,474e-026;7,928e-005;1,708e-003;1,986e-003;2,342e-003;2,320e-003;2,297e-003;2,323e-003;2,288e-003;3,408e-003;4,019e-003;4,506e-003;4,646e-003;4,626e-003;6,868e-004
672;3,697e-005;1,106e-004;8,102e-005;8,716e-005;5,570e-026;5,570e-026;5,570e-026;5,570e-026;3,702e-005;8,473e-005;1,107e-004;6,718e-005;5,570e-026;5,570e-026;5,570e-026;5,570e-026;5,570e-026;1,257e-004;3,004e-005;6,608e-005;5,570e-026;5,570e-026;2,746e-005;1,435e-004;6,686e-005;5,570e-026;5,570e-026;4,477e-003;5,570e-026;5,570e-026;5,378e-005;1,622e-003;1,892e-003;2,232e-003;2,206e-003;2,172e-003;2,221e-003;2,173e-003;3,243e-003;3,826e-003;4,283e-003;4,432e-003;4,391e-003;6,617e-004
674;5,172e-006;9,945e-005;8,767e-005;2,946e-005;5,667e-026;5,667e-026;5,667e-026;5,667e-026;6,973e-006;2,858e-005;8,962e-005;4,875e-005;5,667e-026;5,667e-026;5,667e-026;5,667e-026;1,222e-006;9,184e-005;2,970e-005;9,244e-005;5,667e-026;5,667e-026;1,932e-005;1,195e-004;7,743e-005;5,667e-026;5,667e-026;4,235e-003;5,667e-026;5,667e-026;1,896e-005;1,530e-003;1,764e-003;2,123e-003;2,104e-003;2,074e-003;2,110e-003;2,073e-003;3,085e-003;3,627e-003;4,061e-003;4,180e-003;4,178e-003;6,183e-004
676;1,494e-005;6,821e-005;4,210e-005;2,243e-005;5,777e-026;5,777e-026;5,777e-026;5,777e-026;5,777e-026;1,147e-005;7,852e-005;5,777e-026;5,777e-026;5,777e-026;5,777e-026;5,777e-026;1,550e-006;5,318e-005;5,777e-026;3,488e-005;5,777e-026;5,777e-026;1,757e-005;6,074e-005;3,333e-005;5,777e-026;5,777e-026;3,979e-003;5,777e-026;5,777e-026;1,438e-006;1,453e-003;1,678e-003;1,990e-003;1,978e-003;1,940e-003;1,996e-003;1,952e-003;2,911e-003;3,418e-003;3,857e-003;3,970e-003;3,944e-003;5,702e-004
678;5,881e-026;2,304e-005;3,823e-005;1,124e-005;5,881e-026;5,881e-026;5,881e-026;5,881e-026;5,388e-006;5,881e-026;3,358e-005;5,881e-026;5,881e-026;5,881e-026;5,881e-026;5,881e-026;5,099e-006;1,486e-005;5,881e-026;1,859e-006;5,881e-026;5,881e-026;1,559e-005;5,031e-005;5,881e-026;5,881e-026;5,881e-026;3,791e-003;5,881e-026;5,881e-026;5,881e-026;1,384e-003;1,592e-003;1,879e-003;1,865e-003;1,841e-003;1,888e-003;1,862e-003;2,762e-003;3,246e-003;3,643e-003;3,766e-003;3,737e-003;5,481e-004
680;5,993e-026;9,025e-006;2,151e-005;3,277e-006;5,993e-026;5,993e-026;5,993e-026;5,993e-026;3,476e-005;5,993e-026;1,128e-005;5,993e-026;5,993e-026;5,993e-026;5,993e-026;5,993e-026;8,557e-006;1,926e-005;5,993e-026;5,993e-026;5,993e-026;5,993e-026;8,151e-006;7,954e-005;4,624e-006;5,993e-026;5,993e-026;3,589e-003;5,993e-026;5,993e-026;5,993e-026;1,308e-003;1,487e-003;1,773e-003;1,784e-003;1,769e-003;1,807e-003;1,776e-003;2,629e-003;3,093e-003;3,439e-003;3,567e-003;3,555e-003;5,266e-004
682;6,107e-026;1,857e-005;2,791e-005;6,107e-026;6,107e-026;6,107e-026;6,107e-026;6,107e-026;1,324e-005;6,107e-026;1,174e-005;6,107e-026;6,107e-026;6,107e-026;6,107e-026;6,107e-026;3,215e-006;2,348e-005;6,107e-026;6,107e-026;6,107e-026;6,107e-026;2,462e-005;2,821e-005;1,883e-006;6,107e-026;6,107e-026;3,385e-003;6,107e-026;6,107e-026;6,107e-026;1,230e-003;1,395e-003;1,697e-003;1,689e-003;1,674e-003;1,704e-003;1,690e-003;2,480e-003;2,943e-003;3,269e-003;3,377e-003;3,375e-003;4,723e-004
684;6,236e-026;1,020e-006;3,778e-006;6,236e-026;6,236e-026;6,236e-026;6,236e-026;6,236e-026;1,207e-005;6,236e-026;1,851e-005;6,236e-026;6,236e-026;6,236e-026;6,236e-026;6,236e-026;6,236e-026;1,322e-006;6,236e-026;6,236e-026;6,236e-026;6,236e-026;1,754e-005;3,970e-007;6,236e-026;6,236e-026;6,236e-026;3,188e-003;6,236e-026;6,236e-026;6,236e-026;1,155e-003;1,343e-003;1,583e-003;1,610e-003;1,575e-003;1,597e-003;1,588e-003;2,339e-003;2,770e-003;3,080e-003;3,169e-003;3,159e-003;4,670e-004
686;6,362e-026;6,362e-026;1,071e-005;6,362e-026;6,362e-026;6,362e-026;6,362e-026;6,362e-026;1,320e-006;6,362e-026;6,362e-026;6,362e-026;6,362e-026;6,362e-026;6,362e-026;6,362e-026;6,781e-006;6,362e-026;6,362e-026;6,362e-026;6,362e-026;6,362e-026;2,719e-005;6,362e-026;6,362e-026;6,362e-026;6,362e-026;3,003e-003;6,362e-026;6,362e-026;6,362e-026;1,080e-003;1,255e-003;1,471e-003;1,518e-003;1,482e-003;1,519e-003;1,497e-003;2,210e-003;2,606e-003;2,915e-003;3,005e-003;2,984e-003;4,273e-004
688;6,493e-026;6,493e-026;6,493e-026;6,493e-026;6,493e-026;6,493e-026;6,493e-026;6,493e-026;2,439e-005;6,493e-026;6,493e-026;6,493e-026;6,493e-026;6,493e-026;6,493e-026;6,493e-026;2,119e-005;6,493e-026;6,493e-026;6,493e-026;6,493e-026;6,493e-026;7,112e-006;6,493e-026;6,493e-026;6,493e-026;6,493e-026;2,841e-003;6,493e-026;6,493e-026;6,493e-026;1,029e-003;1,180e-003;1,420e-003;1,439e-003;1,409e-003;1,449e-003;1,440e-003;2,081e-003;2,440e-003;2,733e-003;2,849e-003;2,816e-003;3,978e-004
690;6,629e-026;6,629e-026;6,629e-026;6,629e-026;6,629e-026;6,629e-026;6,629e-026;6,629e-026;1,445e-005;6,629e-026;6,629e-026;6,629e-026;6,629e-026;6,629e-026;6,629e-026;6,629e-026;4,490e-005;6,629e-026;6,629e-026;6,629e-026;6,629e-026;6,629e-026;6,629e-026;6,629e-026;6,629e-026;6,629e-026;6,629e-026;2,669e-003;6,629e-026;6,629e-026;6,629e-026;9,404e-004;1,142e-003;1,343e-003;1,362e-003;1,332e-003;1,377e-003;1,355e-003;1,956e-003;2,305e-003;2,590e-003;2,693e-003;2,669e-003;3,611e-004
692;6,779e-026;6,779e-026;6,779e-026;6,779e-026;6,779e-026;6,779e-026;6,779e-026;6,779e-026;6,779e-026;6,779e-026;6,779e-026;6,779e-026;6,779e-026;6,779e-026;6,779e-026;6,779e-026;5,711e-005;6,779e-026;6,779e-026;6,779e-026;6,779e-026;6,779e-026;6,779e-026;6,779e-026;6,779e-026;6,779e-026;6,779e-026;2,505e-003;6,779e-026;6,779e-026;6,779e-026;8,923e-004;1,057e-003;1,256e-003;1,274e-003;1,253e-003;1,270e-003;1,280e-003;1,858e-003;2,180e-003;2,457e-003;2,528e-003;2,482e-003;3,208e-004
694;6,937e-026;6,937e-026;6,937e-026;6,937e-026;6,937e-026;6,937e-026;6,937e-026;6,937e-026;6,937e-026;6,937e-026;6,937e-026;6,937e-026;6,937e-026;6,937e-026;6,937e-026;6,937e-026;7,929e-006;6,937e-026;6,937e-026;6,937e-026;6,937e-026;6,937e-026;6,937e-026;6,937e-026;6,937e-026;6,937e-026;6,937e-026;2,360e-003;6,937e-026;6,937e-026;6,937e-026;8,324e-004;1,006e-003;1,176e-003;1,217e-003;1,191e-003;1,178e-003;1,194e-003;1,717e-003;2,046e-003;2,268e-003;2,368e-003;2,366e-003;3,134e-004
696;7,086e-026;7,086e-026;7,086e-026;7,086e-026;7,086e-026;7,086e-026;7,086e-026;7,086e-026;7,086e-026;7,086e-026;7,086e-026;7,086e-026;7,086e-026;7,086e-026;7,086e-026;7,086e-026;4,644e-005;7,086e-026;7,086e-026;7,086e-026;7,086e-026;7,086e-026;7,086e-026;7,086e-026;7,086e-026;7,086e-026;7,086e-026;2,231e-003;7,086e-026;7,086e-026;7,086e-026;7,595e-004;9,554e-004;1,125e-003;1,140e-003;1,123e-003;1,107e-003;1,134e-003;1,636e-003;1,891e-003;2,142e-003;2,226e-003;2,234e-003;2,857e-004
698;7,241e-026;7,241e-026;7,241e-026;7,241e-026;7,241e-026;7,241e-026;7,241e-026;7,241e-026;7,241e-026;7,241e-026;7,241e-026;7,241e-026;7,241e-026;7,241e-026;7,241e-026;7,241e-026;7,178e-005;7,241e-026;7,241e-026;7,241e-026;7,241e-026;7,241e-026;7,241e-026;7,241e-026;7,241e-026;7,241e-026;7,241e-026;2,080e-003;7,241e-026;7,241e-026;7,241e-026;7,056e-004;8,862e-004;1,053e-003;1,075e-003;1,060e-003;1,049e-003;1,070e-003;1,551e-003;1,799e-003;2,027e-003;2,108e-003;2,091e-003;2,646e-004
700;7,409e-026;7,409e-026;7,409e-026;7,409e-026;7,409e-026;7,409e-026;7,409e-026;7,409e-026;7,409e-026;7,409e-026;7,409e-026;7,409e-026;7,409e-026;7,409e-026;7,409e-026;7,409e-026;3,964e-005;7,409e-026;7,409e-026;7,409e-026;7,409e-026;7,409e-026;7,409e-026;7,409e-026;7,409e-026;7,409e-026;7,409e-026;1,944e-003;7,409e-026;7,409e-026;7,409e-026;6,516e-004;8,416e-004;1,028e-003;1,016e-003;9,887e-004;1,013e-003;1,002e-003;1,442e-003;1,691e-003;1,893e-003;1,945e-003;1,962e-003;2,386e-004
702;7,593e-026;7,593e-026;7,593e-026;7,593e-026;7,593e-026;7,593e-026;7,593e-026;7,593e-026;7,593e-026;7,593e-026;7,593e-026;7,593e-026;7,593e-026;7,593e-026;7,593e-026;7,593e-026;4,930e-005;7,593e-026;7,593e-026;7,593e-026;7,593e-026;7,593e-026;7,593e-026;7,593e-026;7,593e-026;7,593e-026;7,593e-026;1,810e-003;7,593e-026;7,593e-026;7,593e-026;6,058e-004;7,878e-004;9,212e-004;9,578e-004;9,115e-004;9,232e-004;9,686e-004;1,341e-003;1,602e-003;1,786e-003;1,834e-003;1,828e-003;2,227e-004
704;7,759e-026;7,759e-026;7,759e-026;7,759e-026;7,759e-026;7,759e-026;7,759e-026;7,759e-026;7,759e-026;7,759e-026;7,759e-026;7,759e-026;7,759e-026;7,759e-026;7,759e-026;7,759e-026;1,168e-005;7,759e-026;7,759e-026;7,759e-026;7,759e-026;7,759e-026;7,759e-026;7,759e-026;7,759e-026;7,759e-026;7,759e-026;1,729e-003;7,759e-026;7,759e-026;7,759e-026;5,693e-004;7,492e-004;8,702e-004;9,080e-004;8,692e-004;8,630e-004;9,065e-004;1,247e-003;1,493e-003;1,686e-003;1,721e-003;1,730e-003;2,091e-004
706;7,939e-026;7,939e-026;7,939e-026;7,939e-026;7,939e-026;7,939e-026;7,939e-026;7,939e-026;7,939e-026;7,939e-026;7,939e-026;7,939e-026;7,939e-026;7,939e-026;7,939e-026;7,939e-026;3,073e-005;7,939e-026;7,939e-026;7,939e-026;7,939e-026;7,939e-026;7,939e-026;7,939e-026;7,939e-026;7,939e-026;7,939e-026;1,618e-003;7,939e-026;7,939e-026;7,939e-026;5,067e-004;6,812e-004;8,004e-004;8,531e-004;8,091e-004;7,932e-004;8,520e-004;1,158e-003;1,380e-003;1,593e-003;1,633e-003;1,628e-003;1,950e-004
708;8,128e-026;8,128e-026;8,128e-026;8,128e-026;8,128e-026;8,128e-026;8,128e-026;8,128e-026;8,128e-026;8,128e-026;8,128e-026;8,128e-026;8,128e-026;8,128e-026;8,128e-026;8,128e-026;8,671e-006;8,128e-026;8,128e-026;8,128e-026;8,128e-026;8,128e-026;8,128e-026;8,128e-026;8,128e-026;8,128e-026;8,128e-026;1,530e-003;8,128e-026;8,128e-026;8,128e-026;4,737e-004;6,394e-004;7,875e-004;7,927e-004;7,670e-004;7,573e-004;8,109e-004;1,053e-003;1,304e-003;1,505e-003;1,500e-003;1,528e-003;1,608e-004
710;8,344e-026;8,344e-026;8,344e-026;8,344e-026;8,344e-026;8,344e-026;8,344e-026;8,344e-026;8,344e-026;8,344e-026;8,344e-026;8,344e-026;8,344e-026;8,344e-026;8,344e-026;8,344e-026;1,586e-008;8,344e-026;8,344e-026;8,344e-026;8,344e-026;8,344e-026;8,344e-026;8,344e-026;8,344e-026;8,344e-026;8,344e-026;1,393e-003;8,344e-026;8,344e-026;8,344e-026;4,212e-004;6,253e-004;7,006e-004;7,366e-004;6,882e-004;6,769e-004;7,539e-004;9,787e-004;1,210e-003;1,363e-003;1,390e-003;1,435e-003;1,287e-004
712;8,559e-026;8,559e-026;8,559e-026;8,559e-026;8,559e-026;8,559e-026;8,559e-026;8,559e-026;8,559e-026;8,559e-026;8,559e-026;8,559e-026;8,559e-026;8,559e-026;8,559e-026;8,559e-026;8,559e-026;8,559e-026;8,559e-026;8,559e-026;8,559e-026;8,559e-026;8,559e-026;8,559e-026;8,559e-026;8,559e-026;8,559e-026;1,335e-003;8,559e-026;8,559e-026;8,559e-026;4,333e-004;5,869e-004;6,918e-004;6,860e-004;6,547e-004;6,319e-004;6,862e-004;9,041e-004;1,117e-003;1,310e-003;1,293e-003;1,311e-003;1,212e-004
714;8,785e-026;8,785e-026;8,785e-026;8,785e-026;8,785e-026;8,785e-026;8,785e-026;8,785e-026;8,785e-026;8,785e-026;8,785e-026;8,785e-026;8,785e-026;8,785e-026;8,785e-026;8,785e-026;8,785e-026;8,785e-026;8,785e-026;8,785e-026;8,785e-026;8,785e-026;8,785e-026;8,785e-026;8,785e-026;8,785e-026;8,785e-026;1,262e-003;8,785e-026;6,319e-006;8,785e-026;3,861e-004;5,445e-004;6,261e-004;6,578e-004;5,884e-004;5,965e-004;6,837e-004;8,596e-004;1,033e-003;1,228e-003;1,195e-003;1,229e-003;1,248e-004
716;9,016e-026;9,016e-026;9,016e-026;9,016e-026;9,016e-026;9,016e-026;9,016e-026;9,016e-026;9,016e-026;9,016e-026;9,016e-026;9,016e-026;9,016e-026;9,016e-026;9,016e-026;9,016e-026;9,016e-026;9,016e-026;9,016e-026;9,016e-026;9,016e-026;9,016e-026;9,016e-026;9,016e-026;9,016e-026;9,016e-026;9,016e-026;1,164e-003;9,016e-026;2,568e-006;9,016e-026;3,430e-004;5,049e-004;6,189e-004;6,275e-004;5,834e-004;5,475e-004;6,206e-004;7,897e-004;9,429e-004;1,153e-003;1,091e-003;1,137e-003;9,639e-005
718;9,295e-026;9,295e-026;9,295e-026;9,295e-026;9,295e-026;9,295e-026;9,295e-026;9,295e-026;9,295e-026;9,295e-026;9,295e-026;9,295e-026;9,295e-026;9,295e-026;9,295e-026;9,295e-026;9,295e-026;9,295e-026;9,295e-026;9,295e-026;9,295e-026;9,295e-026;9,295e-026;9,295e-026;9,295e-026;9,295e-026;9,295e-026;1,093e-003;9,295e-026;1,853e-006;9,295e-026;3,003e-004;4,709e-004;5,441e-004;6,119e-004;5,410e-004;5,589e-004;5,782e-004;7,058e-004;9,144e-004;1,087e-003;1,045e-003;1,084e-003;9,988e-005
720;9,557e-026;9,557e-026;9,557e-026;9,557e-026;9,557e-026;9,557e-026;9,557e-026;9,557e-026;9,557e-026;9,557e-026;9,557e-026;9,557e-026;9,557e-026;9,557e-026;9,557e-026;9,557e-026;9,557e-026;9,557e-026;9,557e-026;9,557e-026;9,557e-026;9,557e-026;9,557e-026;9,557e-026;9,557e-026;9,557e-026;9,557e-026;1,084e-003;9,557e-026;9,557e-026;9,557e-026;2,767e-004;4,670e-004;5,106e-004;5,519e-004;4,743e-004;4,683e-004;5,928e-004;6,634e-004;8,398e-004;1,018e-003;9,772e-004;1,002e-003;1,099e-004
722;9,840e-026;9,840e-026;9,840e-026;9,840e-026;9,840e-026;9,840e-026;9,840e-026;9,840e-026;9,840e-026;9,840e-026;9,840e-026;9,840e-026;9,840e-026;9,840e-026;9,840e-026;9,840e-026;9,840e-026;9,840e-026;9,840e-026;9,840e-026;9,840e-026;9,840e-026;9,840e-026;9,840e-026;9,840e-026;9,840e-026;9,840e-026;1,025e-003;9,840e-026;1,363e-006;9,840e-026;2,668e-004;4,478e-004;4,896e-004;5,085e-004;4,169e-004;4,429e-004;5,444e-004;6,163e-004;7,484e-004;9,620e-004;9,017e-004;9,369e-004;9,277e-005
724;1,013e-025;1,013e-025;1,013e-025;1,013e-025;1,013e-025;1,013e-025;1,013e-025;1,013e-025;1,013e-025;1,013e-025;1,013e-025;1,013e-025;1,013e-025;1,013e-025;1,013e-025;1,013e-025;1,013e-025;1,013e-025;1,013e-025;1,013e-025;1,013e-025;1,013e-025;1,013e-025;1,013e-025;1,013e-025;1,013e-025;1,013e-025;9,708e-004;1,013e-025;2,513e-006;1,013e-025;2,396e-004;3,883e-004;4,646e-004;4,981e-004;3,839e-004;4,215e-004;4,967e-004;5,599e-004;6,940e-004;8,769e-004;8,333e-004;8,875e-004;9,933e-005
726;1,047e-025;1,047e-025;1,047e-025;1,047e-025;1,047e-025;1,047e-025;1,047e-025;1,047e-025;1,047e-025;1,047e-025;1,047e-025;1,047e-025;1,047e-025;1,047e-025;1,047e-025;1,047e-025;1,047e-025;1,047e-025;1,047e-025;1,047e-025;1,047e-025;1,047e-025;1,047e-025;1,047e-025;1,047e-025;1,047e-025;1,047e-025;8,837e-004;1,047e-025;1,180e-007;1,047e-025;2,091e-004;3,729e-004;4,204e-004;4,591e-004;3,576e-004;3,800e-004;4,433e-004;5,187e-004;6,265e-004;8,542e-004;7,684e-004;8,124e-004;7,610e-005
728;1,080e-025;1,080e-025;1,080e-025;1,080e-025;1,080e-025;1,080e-025;1,080e-025;1,080e-025;1,080e-025;1,080e-025;1,080e-025;1,080e-025;1,080e-025;1,080e-025;1,080e-025;1,080e-025;1,080e-025;1,080e-025;1,080e-025;1,080e-025;1,080e-025;1,080e-025;1,080e-025;1,080e-025;1,080e-025;1,080e-025;1,080e-025;8,437e-004;1,080e-025;9,443e-007;1,080e-025;2,042e-004;3,466e-004;3,728e-004;4,450e-004;3,276e-004;3,596e-004;4,081e-004;4,517e-004;6,160e-004;7,666e-004;6,849e-004;7,559e-004;9,859e-005
730;1,113e-025;1,113e-025;1,113e-025;1,113e-025;1,113e-025;1,113e-025;1,113e-025;1,113e-025;1,113e-025;1,113e-025;1,113e-025;1,113e-025;1,113e-025;1,113e-025;1,113e-025;1,113e-025;1,113e-025;1,113e-025;1,113e-025;1,113e-025;1,113e-025;1,113e-025;1,113e-025;1,113e-025;1,113e-025;1,113e-025;1,113e-025;8,057e-004;1,113e-025;1,235e-006;1,113e-025;1,806e-004;3,395e-004;3,707e-004;4,195e-004;2,799e-004;3,489e-004;3,845e-004;3,966e-004;5,712e-004;7,397e-004;6,493e-004;6,988e-004;9,649e-005
732;5,428e-005;1,147e-025;1,147e-025;1,147e-025;1,147e-025;1,147e-025;1,147e-025;1,147e-025;1,147e-025;1,147e-025;1,147e-025;1,147e-025;1,147e-025;1,147e-025;1,147e-025;1,147e-025;1,147e-025;1,147e-025;1,147e-025;1,147e-025;1,147e-025;1,147e-025;1,147e-025;1,147e-025;1,147e-025;1,147e-025;1,147e-025;7,812e-004;1,147e-025;1,147e-025;1,147e-025;1,741e-004;2,447e-004;3,340e-004;3,689e-004;2,714e-004;3,425e-004;3,706e-004;3,418e-004;5,394e-004;6,923e-004;6,372e-004;6,380e-004;5,470e-005
734;3,476e-006;1,189e-025;1,189e-025;1,189e-025;1,189e-025;1,189e-025;1,189e-025;1,189e-025;1,189e-025;1,189e-025;1,189e-025;1,189e-025;1,189e-025;1,189e-025;1,189e-025;1,189e-025;1,189e-025;1,189e-025;1,189e-025;1,189e-025;1,189e-025;1,189e-025;1,189e-025;1,189e-025;1,189e-025;1,189e-025;1,189e-025;6,686e-004;1,189e-025;1,189e-025;1,189e-025;1,478e-004;2,675e-004;3,258e-004;4,113e-004;2,716e-004;3,566e-004;3,016e-004;3,199e-004;4,615e-004;6,681e-004;6,027e-004;6,400e-004;3,541e-005
736;1,228e-025;1,228e-025;1,228e-025;1,228e-025;1,228e-025;1,228e-025;1,228e-025;1,228e-025;1,228e-025;1,228e-025;1,228e-025;1,228e-025;1,228e-025;1,228e-025;1,228e-025;1,228e-025;1,228e-025;1,228e-025;1,228e-025;1,228e-025;1,228e-025;1,228e-025;1,228e-025;1,228e-025;1,228e-025;1,228e-025;1,228e-025;6,605e-004;1,228e-025;1,228e-025;1,228e-025;1,750e-004;2,027e-004;2,880e-004;3,420e-004;2,512e-004;3,527e-004;2,771e-004;2,415e-004;4,253e-004;5,974e-004;5,817e-004;5,788e-004;5,954e-005
738;1,622e-005;1,271e-025;1,271e-025;1,271e-025;1,271e-025;1,271e-025;1,271e-025;1,271e-025;9,288e-006;1,271e-025;1,271e-025;1,271e-025;1,271e-025;1,271e-025;1,271e-025;1,271e-025;1,271e-025;1,271e-025;1,271e-025;1,271e-025;1,271e-025;1,271e-025;1,271e-025;1,271e-025;1,271e-025;1,271e-025;1,271e-025;6,164e-004;1,271e-025;1,271e-025;1,271e-025;1,271e-004;1,732e-004;2,583e-004;3,152e-004;2,436e-004;3,235e-004;2,512e-004;2,155e-004;3,768e-004;5,593e-004;5,479e-004;5,919e-004;7,196e-005
740;6,008e-005;1,315e-025;1,315e-025;1,315e-025;1,315e-025;1,315e-025;1,315e-025;1,315e-025;4,106e-006;1,315e-025;1,315e-025;1,315e-025;1,315e-025;1,315e-025;1,315e-025;1,315e-025;1,315e-025;1,315e-025;1,315e-025;1,315e-025;1,315e-025;1,315e-025;1,315e-025;1,315e-025;1,315e-025;1,315e-025;1,315e-025;5,729e-004;1,315e-025;1,315e-025;1,315e-025;1,542e-004;1,560e-004;2,414e-004;2,645e-004;2,119e-004;2,840e-004;2,009e-004;1,781e-004;3,482e-004;5,238e-004;5,295e-004;5,365e-004;7,285e-005
742;1,092e-005;1,369e-025;1,369e-025;1,369e-025;1,369e-025;1,369e-025;1,369e-025;1,369e-025;1,369e-025;1,369e-025;1,369e-025;1,369e-025;1,369e-025;1,369e-025;1,369e-025;1,369e-025;1,369e-025;1,369e-025;1,369e-025;1,369e-025;1,369e-025;1,369e-025;1,369e-025;1,369e-025;1,369e-025;1,369e-025;1,369e-025;5,025e-004;1,369e-025;1,369e-025;1,369e-025;1,316e-004;1,749e-004;2,177e-004;2,956e-004;1,857e-004;2,619e-004;1,883e-004;1,574e-004;3,107e-004;4,961e-004;4,939e-004;5,062e-004;4,178e-005
744;3,772e-005;1,420e-025;1,420e-025;1,420e-025;1,420e-025;1,420e-025;1,420e-025;1,420e-025;1,420e-025;1,420e-025;1,420e-025;1,420e-025;1,420e-025;1,420e-025;1,420e-025;1,420e-025;1,420e-025;1,420e-025;1,420e-025;1,420e-025;1,420e-025;1,420e-025;1,420e-025;1,420e-025;1,420e-025;1,420e-025;1,420e-025;5,158e-004;1,420e-025;1,420e-025;1,420e-025;1,126e-004;1,064e-004;1,650e-004;2,207e-004;2,153e-004;3,069e-004;1,856e-004;9,317e-005;2,826e-004;4,204e-004;5,011e-004;4,102e-004;5,893e-005
746;3,139e-005;1,474e-025;1,474e-025;1,474e-025;1,474e-025;1,474e-025;1,474e-025;1,474e-025;2,618e-006;1,474e-025;1,474e-025;1,474e-025;1,474e-025;1,474e-025;1,474e-025;1,474e-025;1,474e-025;1,474e-025;1,474e-025;1,474e-025;1,474e-025;1,474e-025;1,474e-025;1,474e-025;1,474e-025;1,474e-025;1,474e-025;5,469e-004;1,474e-025;1,474e-025;1,474e-025;9,838e-005;9,262e-005;1,642e-004;1,858e-004;1,979e-004;2,745e-004;1,301e-004;3,309e-005;2,555e-004;4,178e-004;4,321e-004;3,702e-004;4,491e-005
748;5,557e-005;1,531e-025;1,531e-025;1,531e-025;1,531e-025;1,531e-025;1,531e-025;1,531e-025;2,866e-005;1,531e-025;1,531e-025;1,531e-025;1,531e-025;1,531e-025;1,531e-025;1,531e-025;1,531e-025;1,531e-025;1,531e-025;1,531e-025;1,531e-025;1,531e-025;1,531e-025;1,531e-025;1,531e-025;1,531e-025;1,531e-025;4,529e-004;1,531e-025;1,531e-025;1,531e-025;7,826e-005;2,989e-005;1,273e-004;1,551e-004;1,742e-004;2,538e-004;1,037e-004;1,531e-025;2,120e-004;4,221e-004;4,339e-004;4,086e-004;5,936e-006
750;3,699e-005;1,602e-025;1,602e-025;1,602e-025;1,602e-025;1,602e-025;1,602e-025;1,602e-025;1,806e-005;1,602e-025;1,602e-025;1,602e-025;1,602e-025;1,602e-025;1,602e-025;1,602e-025;1,602e-025;1,602e-025;1,602e-025;1,602e-025;1,602e-025;1,602e-025;1,602e-025;1,602e-025;1,602e-025;1,602e-025;1,602e-025;4,590e-004;1,602e-025;1,602e-025;1,602e-025;2,713e-005;2,931e-005;5,328e-005;1,908e-004;1,502e-004;2,115e-004;1,051e-004;1,602e-025;2,333e-004;3,879e-004;4,549e-004;4,221e-004;2,412e-006
752;2,291e-005;1,672e-025;1,672e-025;1,672e-025;1,672e-025;1,672e-025;1,672e-025;1,672e-025;3,089e-006;1,672e-025;1,672e-025;1,672e-025;1,672e-025;1,672e-025;1,672e-025;1,672e-025;1,672e-025;1,672e-025;1,672e-025;1,672e-025;1,672e-025;1,672e-025;1,672e-025;1,672e-025;1,672e-025;1,672e-025;1,672e-025;3,985e-004;1,672e-025;1,672e-025;1,672e-025;6,813e-005;7,793e-005;4,890e-005;1,122e-004;1,632e-004;2,066e-004;1,096e-004;1,672e-025;1,565e-004;3,034e-004;4,075e-004;3,598e-004;3,307e-005
754;1,746e-025;1,746e-025;1,746e-025;1,746e-025;1,746e-025;1,746e-025;1,746e-025;1,746e-025;1,746e-025;1,746e-025;1,746e-025;1,746e-025;1,746e-025;1,746e-025;1,746e-025;1,746e-025;1,746e-025;1,746e-025;1,746e-025;1,746e-025;1,746e-025;1,746e-025;1,746e-025;1,746e-025;1,746e-025;1,746e-025;1,746e-025;3,633e-004;1,746e-025;1,746e-025;1,746e-025;6,108e-005;8,179e-005;3,049e-005;8,581e-005;1,706e-004;1,840e-004;1,039e-004;1,746e-025;1,424e-004;2,431e-004;3,735e-004;2,916e-004;5,537e-005
756;2,990e-006;1,829e-025;1,829e-025;1,829e-025;1,829e-025;1,829e-025;1,829e-025;1,829e-025;5,370e-007;1,829e-025;1,829e-025;1,829e-025;1,829e-025;1,829e-025;1,829e-025;1,829e-025;1,829e-025;1,829e-025;1,829e-025;1,829e-025;1,829e-025;1,829e-025;1,829e-025;1,829e-025;1,829e-025;1,829e-025;1,829e-025;3,016e-004;1,829e-025;1,829e-025;1,829e-025;2,565e-005;1,988e-005;2,245e-005;8,949e-005;1,267e-004;2,441e-004;7,041e-005;1,829e-025;1,113e-004;1,978e-004;3,529e-004;2,755e-004;3,519e-005
758;1,080e-004;1,928e-025;1,928e-025;1,928e-025;1,928e-025;1,928e-025;1,928e-025;1,928e-025;1,940e-005;1,928e-025;1,928e-025;1,928e-025;1,928e-025;1,928e-025;1,928e-025;1,928e-025;1,928e-025;1,928e-025;1,928e-025;1,928e-025;1,928e-025;1,928e-025;1,928e-025;1,928e-025;1,928e-025;1,928e-025;1,928e-025;3,470e-004;1,928e-025;1,928e-025;1,928e-025;3,012e-006;8,296e-006;1,928e-025;6,657e-005;1,292e-004;1,997e-004;1,585e-005;1,928e-025;6,360e-005;2,366e-004;3,325e-004;2,338e-004;3,466e-006
760;2,022e-025;2,022e-025;2,022e-025;2,022e-025;2,022e-025;2,022e-025;2,022e-025;2,022e-025;2,022e-025;2,022e-025;2,022e-025;2,022e-025;2,022e-025;2,022e-025;2,022e-025;2,022e-025;2,022e-025;2,022e-025;2,022e-025;2,022e-025;2,022e-025;2,022e-025;2,022e-025;2,022e-025;2,022e-025;2,022e-025;2,022e-025;2,571e-004;2,022e-025;2,022e-025;2,022e-025;7,651e-006;4,654e-005;2,022e-025;2,980e-005;1,399e-004;2,005e-004;6,303e-005;2,022e-025;1,992e-005;1,082e-004;3,263e-004;2,184e-004;2,462e-005
762;2,123e-025;2,123e-025;2,123e-025;2,123e-025;2,123e-025;2,123e-025;2,123e-025;2,123e-025;2,123e-025;2,123e-025;2,123e-025;2,123e-025;2,123e-025;2,123e-025;2,123e-025;2,123e-025;2,123e-025;2,123e-025;2,123e-025;2,123e-025;2,123e-025;2,123e-025;2,123e-025;2,123e-025;5,966e-005;2,123e-025;2,123e-025;2,111e-004;2,123e-025;2,123e-025;2,123e-025;2,123e-025;4,697e-005;2,123e-025;6,798e-006;1,531e-004;1,987e-004;1,903e-005;2,123e-025;2,123e-025;1,136e-004;2,575e-004;1,937e-004;1,322e-005
764;2,237e-025;2,237e-025;2,237e-025;2,237e-025;2,237e-025;2,237e-025;2,237e-025;2,237e-025;2,237e-025;2,237e-025;2,237e-025;2,237e-025;2,237e-025;2,237e-025;2,237e-025;2,237e-025;2,237e-025;2,237e-025;2,237e-025;2,237e-025;2,237e-025;2,237e-025;2,237e-025;2,237e-025;1,359e-005;2,237e-025;2,237e-025;1,738e-004;2,237e-025;2,237e-025;2,237e-025;2,237e-025;4,321e-005;2,237e-025;5,148e-005;1,186e-004;1,340e-004;2,237e-025;2,237e-025;2,237e-025;1,789e-004;2,058e-004;1,111e-004;2,237e-025
766;2,366e-025;2,366e-025;2,366e-025;2,366e-025;2,366e-025;2,366e-025;2,366e-025;2,366e-025;2,366e-025;2,366e-025;2,366e-025;2,366e-025;2,366e-025;2,366e-025;2,366e-025;2,366e-025;2,366e-025;2,366e-025;2,366e-025;2,366e-025;2,366e-025;2,366e-025;2,366e-025;2,366e-025;2,366e-025;2,366e-025;2,366e-025;1,352e-004;2,366e-025;2,366e-025;2,366e-025;2,366e-025;6,770e-005;2,366e-025;2,366e-025;1,221e-004;1,438e-004;2,366e-025;2,366e-025;2,366e-025;1,680e-004;2,077e-004;1,316e-004;1,846e-005
768;2,494e-025;2,494e-025;2,494e-025;2,494e-025;2,494e-025;2,494e-025;2,494e-025;2,494e-025;2,494e-025;2,494e-025;2,494e-025;2,494e-025;2,494e-025;2,494e-025;2,494e-025;2,494e-025;2,494e-025;2,494e-025;2,494e-025;2,494e-025;2,494e-025;2,494e-025;2,494e-025;2,494e-025;2,494e-025;2,494e-025;2,494e-025;8,310e-005;2,494e-025;2,494e-025;2,494e-025;2,494e-025;3,623e-005;2,494e-025;2,494e-025;1,164e-004;1,091e-004;2,494e-025;2,494e-025;2,494e-025;3,366e-005;2,189e-004;1,028e-004;3,517e-005
770;2,631e-025;2,631e-025;2,631e-025;2,631e-025;2,631e-025;2,631e-025;2,631e-025;2,631e-025;2,631e-025;2,631e-025;2,631e-025;2,631e-025;2,631e-025;2,631e-025;2,631e-025;2,631e-025;2,631e-025;2,631e-025;2,631e-025;2,631e-025;2,631e-025;2,631e-025;2,631e-025;2,631e-025;2,631e-025;2,631e-025;2,631e-025;4,544e-005;2,631e-025;2,631e-025;2,631e-025;2,631e-025;2,631e-025;2,631e-025;2,631e-025;1,280e-004;5,129e-005;2,631e-025;2,631e-025;2,631e-025;1,699e-005;1,569e-004;3,209e-005;5,147e-005
772;2,792e-025;2,792e-025;2,792e-025;2,792e-025;2,792e-025;2,792e-025;2,792e-025;2,792e-025;2,792e-025;2,792e-025;2,792e-025;2,792e-025;2,792e-025;2,792e-025;2,792e-025;2,792e-025;2,792e-025;2,792e-025;2,792e-025;2,792e-025;2,792e-025;2,792e-025;2,792e-025;2,792e-025;2,792e-025;2,792e-025;2,792e-025;1,956e-006;2,792e-025;2,792e-025;2,792e-025;2,792e-025;9,521e-005;2,792e-025;2,792e-025;1,073e-004;1,330e-004;2,792e-025;2,792e-025;2,792e-025;8,148e-007;7,222e-005;5,435e-005;6,752e-005
774;2,963e-025;2,963e-025;2,963e-025;2,963e-025;2,963e-025;2,963e-025;2,963e-025;2,963e-025;2,963e-025;2,963e-025;2,963e-025;2,963e-025;2,963e-025;2,963e-025;2,963e-025;2,963e-025;2,963e-025;2,963e-025;2,963e-025;2,963e-025;2,963e-025;2,963e-025;2,963e-025;2,963e-025;2,963e-025;2,963e-025;2,963e-025;2,963e-025;2,963e-025;2,963e-025;2,963e-025;2,963e-025;6,449e-005;2,963e-025;2,963e-025;2,020e-004;8,935e-005;2,963e-025;2,963e-025;2,963e-025;2,963e-025;7,924e-006;4,136e-005;7,904e-006
776;3,138e-025;3,138e-025;3,138e-025;3,138e-025;3,138e-025;3,138e-025;3,138e-025;3,138e-025;3,138e-025;3,138e-025;3,138e-025;3,138e-025;3,138e-025;3,138e-025;3,138e-025;3,138e-025;3,138e-025;3,138e-025;3,138e-025;3,138e-025;3,138e-025;3,138e-025;3,138e-025;3,138e-025;3,138e-025;3,138e-025;3,138e-025;3,138e-025;3,138e-025;3,138e-025;3,138e-025;3,138e-025;1,199e-005;3,138e-025;3,138e-025;1,060e-004;7,400e-005;3,138e-025;3,138e-025;3,138e-025;3,138e-025;1,085e-005;3,138e-025;1,082e-005
778;3,326e-025;3,326e-025;3,326e-025;3,326e-025;3,326e-025;3,326e-025;3,326e-025;3,326e-025;3,326e-025;3,326e-025;3,326e-025;3,326e-025;3,326e-025;3,326e-025;3,326e-025;3,326e-025;3,326e-025;3,326e-025;3,326e-025;3,326e-025;3,326e-025;3,326e-025;3,326e-025;3,326e-025;3,326e-025;3,326e-025;3,326e-025;3,326e-025;3,326e-025;3,326e-025;3,326e-025;3,326e-025;9,906e-005;3,326e-025;3,326e-025;3,859e-005;1,041e-004;6,561e-005;3,326e-025;3,326e-025;3,326e-025;3,326e-025;3,326e-025;3,326e-025
780;3,565e-025;3,565e-025;3,565e-025;3,565e-025;3,565e-025;3,565e-025;3,565e-025;3,565e-025;3,565e-025;3,565e-025;3,565e-025;3,565e-025;3,565e-025;3,565e-025;3,565e-025;3,565e-025;3,565e-025;3,565e-025;3,565e-025;3,565e-025;3,565e-025;3,565e-025;3,565e-025;3,565e-025;3,565e-025;3,565e-025;3,565e-025;3,565e-025;3,565e-025;3,565e-025;3,565e-025;3,565e-025;1,377e-004;3,565e-025;3,565e-025;6,933e-005;9,563e-005;2,680e-005;3,565e-025;3,565e-025;3,565e-025;3,565e-025;3,565e-025;3,565e-025
