;M41;M40;M39;M38;M37;M36;M35;M34;M33;M32;M31;M30;M29;M28;M27;M26;M25;M24;M23;M22;M21;M20;M19;M18;M17;M16;M15;M14;M13;M12;M11;M10;M9;M8;M7;M6
380;6,796e-026;6,796e-026;6,796e-026;6,796e-026;6,796e-026;6,796e-026;6,796e-026;6,796e-026;6,796e-026;6,796e-026;6,796e-026;6,796e-026;6,796e-026;6,796e-026;6,796e-026;6,796e-026;6,796e-026;6,796e-026;6,796e-026;6,796e-026;6,796e-026;6,796e-026;6,796e-026;6,796e-026;6,796e-026;6,796e-026;6,796e-026;6,796e-026;6,796e-026;6,796e-026;2,894e-007;6,796e-026;6,796e-026;6,796e-026;6,796e-026;6,796e-026
382;6,622e-026;6,622e-026;6,622e-026;6,622e-026;6,622e-026;6,622e-026;6,622e-026;6,622e-026;6,622e-026;6,622e-026;6,622e-026;6,622e-026;6,622e-026;6,622e-026;6,622e-026;6,622e-026;6,622e-026;6,622e-026;6,622e-026;6,622e-026;6,622e-026;6,622e-026;6,622e-026;6,622e-026;6,622e-026;6,622e-026;6,622e-026;6,622e-026;6,622e-026;6,622e-026;5,851e-006;6,622e-026;6,622e-026;6,622e-026;6,622e-026;6,622e-026
384;6,360e-026;6,360e-026;6,360e-026;6,360e-026;6,360e-026;6,360e-026;6,360e-026;6,360e-026;6,360e-026;6,360e-026;6,360e-026;6,360e-026;6,360e-026;6,360e-026;6,360e-026;6,360e-026;6,360e-026;6,360e-026;6,360e-026;6,360e-026;6,360e-026;6,360e-026;6,360e-026;6,360e-026;6,360e-026;6,360e-026;6,360e-026;6,360e-026;6,360e-026;6,360e-026;6,360e-026;6,360e-026;6,360e-026;6,360e-026;6,360e-026;6,360e-026
386;6,198e-026;6,198e-026;6,198e-026;6,198e-026;6,198e-026;6,198e-026;6,198e-026;6,198e-026;6,198e-026;6,198e-026;6,198e-026;6,198e-026;6,198e-026;6,198e-026;6,198e-026;6,198e-026;6,198e-026;6,198e-026;6,198e-026;6,198e-026;6,198e-026;6,198e-026;6,198e-026;6,198e-026;6,198e-026;6,198e-026;6,198e-026;6,198e-026;6,198e-026;6,198e-026;6,198e-026;6,198e-026;6,198e-026;6,198e-026;6,198e-026;6,198e-026
388;5,985e-026;5,985e-026;5,985e-026;5,985e-026;5,985e-026;5,985e-026;5,985e-026;5,985e-026;5,985e-026;5,985e-026;5,985e-026;5,985e-026;5,985e-026;5,985e-026;5,985e-026;5,985e-026;5,985e-026;5,985e-026;5,985e-026;5,985e-026;5,985e-026;5,985e-026;5,985e-026;5,985e-026;5,985e-026;5,985e-026;5,985e-026;5,985e-026;5,985e-026;5,985e-026;5,985e-026;5,985e-026;5,985e-026;5,985e-026;5,985e-026;5,985e-026
390;5,836e-026;5,836e-026;5,836e-026;5,836e-026;5,836e-026;5,836e-026;5,836e-026;5,836e-026;5,836e-026;5,836e-026;5,836e-026;5,836e-026;5,836e-026;5,836e-026;5,836e-026;5,836e-026;5,836e-026;5,836e-026;5,836e-026;5,836e-026;5,836e-026;5,836e-026;5,836e-026;5,836e-026;5,836e-026;5,836e-026;5,836e-026;5,836e-026;5,836e-026;5,836e-026;5,836e-026;5,836e-026;5,836e-026;5,836e-026;5,836e-026;5,836e-026
392;5,605e-026;5,605e-026;5,605e-026;5,605e-026;5,605e-026;5,605e-026;5,605e-026;5,605e-026;5,605e-026;5,605e-026;5,605e-026;5,605e-026;5,605e-026;5,605e-026;5,605e-026;5,605e-026;5,605e-026;5,605e-026;5,605e-026;5,605e-026;5,605e-026;5,605e-026;5,605e-026;5,605e-026;5,605e-026;5,605e-026;5,605e-026;5,605e-026;5,605e-026;5,605e-026;5,605e-026;5,605e-026;5,605e-026;5,383e-006;5,605e-026;5,605e-026
394;5,429e-026;5,429e-026;5,429e-026;5,429e-026;5,429e-026;5,429e-026;5,429e-026;7,396e-006;1,946e-006;5,429e-026;5,429e-026;5,429e-026;5,429e-026;5,429e-026;5,429e-026;5,429e-026;5,429e-026;5,429e-026;5,429e-026;5,429e-026;5,429e-026;5,429e-026;5,429e-026;5,429e-026;5,429e-026;5,429e-026;5,429e-026;5,429e-026;5,429e-026;5,429e-026;5,429e-026;5,429e-026;5,429e-026;2,511e-005;5,429e-026;5,429e-026
396;5,236e-026;5,236e-026;5,236e-026;5,236e-026;5,236e-026;5,236e-026;5,236e-026;4,573e-005;1,666e-005;5,236e-026;5,236e-026;5,236e-026;5,236e-026;5,236e-026;5,236e-026;5,236e-026;5,236e-026;5,236e-026;5,236e-026;5,236e-026;5,236e-026;5,236e-026;5,236e-026;5,236e-026;5,236e-026;5,236e-026;5,236e-026;3,313e-006;3,390e-007;5,236e-026;5,236e-026;5,236e-026;2,350e-005;5,359e-005;1,592e-005;5,236e-026
398;5,043e-026;5,043e-026;5,043e-026;5,043e-026;5,043e-026;5,043e-026;5,043e-026;9,525e-006;1,307e-005;5,043e-026;5,043e-026;5,043e-026;5,043e-026;5,043e-026;5,043e-026;5,043e-026;5,043e-026;5,043e-026;5,043e-026;5,043e-026;5,043e-026;5,043e-026;5,043e-026;5,043e-026;5,043e-026;5,043e-026;5,043e-026;1,870e-005;1,218e-005;5,043e-026;5,043e-026;4,240e-006;7,073e-005;8,791e-005;3,334e-005;5,043e-026
400;4,827e-026;4,827e-026;4,827e-026;4,827e-026;4,827e-026;4,827e-026;4,827e-026;3,930e-005;1,404e-005;4,827e-026;4,827e-026;4,827e-026;4,827e-026;4,827e-026;4,827e-026;4,827e-026;4,827e-026;4,827e-026;4,827e-026;4,827e-026;4,827e-026;4,827e-026;4,827e-026;4,827e-026;4,827e-026;4,827e-026;8,713e-006;4,377e-005;4,237e-005;2,121e-006;4,827e-026;5,102e-005;1,343e-004;1,384e-004;5,059e-005;4,827e-026
402;1,047e-005;4,318e-006;4,657e-026;4,657e-026;4,657e-026;4,657e-026;4,657e-026;4,696e-005;2,083e-005;4,657e-026;1,546e-005;1,683e-005;4,237e-006;1,480e-005;1,338e-005;4,657e-026;4,657e-026;4,657e-026;4,657e-026;4,657e-026;1,555e-005;5,713e-006;4,657e-026;4,657e-026;4,657e-026;4,657e-026;5,287e-005;1,128e-004;8,591e-005;1,124e-005;4,657e-026;1,584e-004;2,174e-004;2,285e-004;8,534e-005;4,657e-026
404;3,327e-005;1,319e-005;4,489e-026;4,489e-026;4,489e-026;4,489e-026;4,489e-026;7,921e-005;6,230e-005;1,894e-005;9,243e-005;8,484e-005;7,276e-005;8,855e-005;4,729e-005;4,489e-026;4,489e-026;4,489e-026;4,489e-026;4,489e-026;7,496e-005;6,987e-005;4,489e-026;4,489e-026;9,218e-006;4,489e-026;1,265e-004;1,636e-004;1,395e-004;4,076e-005;4,489e-026;3,020e-004;3,110e-004;3,196e-004;1,550e-004;4,530e-006
406;7,999e-005;2,520e-005;4,288e-026;4,288e-026;4,288e-026;4,288e-026;4,288e-026;1,026e-004;8,428e-005;8,619e-005;2,473e-004;2,526e-004;2,241e-004;2,310e-004;1,103e-004;4,288e-026;4,288e-026;4,288e-026;4,288e-026;4,288e-026;1,481e-004;2,227e-004;4,288e-026;4,288e-026;7,433e-006;4,288e-026;2,350e-004;2,249e-004;2,084e-004;8,369e-005;7,920e-006;4,996e-004;4,709e-004;4,529e-004;2,414e-004;2,962e-005
408;1,624e-004;6,050e-005;4,124e-026;4,124e-026;4,124e-026;4,124e-026;1,227e-005;1,160e-004;1,349e-004;2,000e-004;4,472e-004;4,669e-004;4,407e-004;4,429e-004;2,398e-004;4,124e-026;4,124e-026;4,124e-026;4,124e-026;4,124e-026;2,487e-004;4,352e-004;4,124e-026;4,124e-026;2,749e-005;4,124e-026;3,727e-004;3,327e-004;2,951e-004;1,381e-004;1,254e-005;7,716e-004;6,784e-004;6,472e-004;3,450e-004;6,526e-005
410;2,635e-004;9,868e-005;6,431e-006;3,949e-026;3,949e-026;3,949e-026;2,620e-005;1,496e-004;2,537e-004;3,259e-004;7,422e-004;7,611e-004;7,415e-004;7,348e-004;3,727e-004;3,949e-026;3,949e-026;3,949e-026;3,949e-026;3,949e-026;3,803e-004;7,461e-004;3,949e-026;3,949e-026;4,943e-005;3,949e-026;5,596e-004;4,728e-004;4,159e-004;1,917e-004;4,840e-005;1,146e-003;9,306e-004;8,753e-004;4,857e-004;1,110e-004
412;4,052e-004;1,258e-004;3,171e-005;3,764e-026;3,764e-026;3,764e-026;4,375e-005;2,099e-004;3,551e-004;5,757e-004;1,185e-003;1,223e-003;1,197e-003;1,182e-003;6,029e-004;5,621e-005;3,764e-026;3,764e-026;3,764e-026;3,764e-026;5,369e-004;1,222e-003;3,764e-026;3,764e-026;9,983e-005;3,764e-026;8,533e-004;6,712e-004;6,005e-004;3,074e-004;6,210e-005;1,706e-003;1,316e-003;1,211e-003;6,829e-004;1,854e-004
414;5,530e-004;2,020e-004;7,323e-005;3,617e-026;3,617e-026;3,617e-026;8,983e-005;3,220e-004;5,772e-004;9,487e-004;1,861e-003;1,923e-003;1,907e-003;1,895e-003;9,298e-004;1,728e-004;3,617e-026;3,617e-026;3,617e-026;3,617e-026;7,393e-004;1,946e-003;3,617e-026;3,617e-026;1,560e-004;3,617e-026;1,285e-003;9,638e-004;8,401e-004;4,466e-004;9,636e-005;2,483e-003;1,834e-003;1,684e-003;9,468e-004;2,494e-004
416;7,628e-004;3,010e-004;1,097e-004;3,496e-026;3,496e-026;6,486e-006;1,787e-004;4,986e-004;8,441e-004;1,436e-003;2,819e-003;2,917e-003;2,909e-003;2,899e-003;1,424e-003;3,418e-004;3,496e-026;3,496e-026;3,496e-026;3,496e-026;9,499e-004;2,994e-003;3,496e-026;3,496e-026;2,207e-004;3,496e-026;1,860e-003;1,322e-003;1,159e-003;6,104e-004;1,467e-004;3,536e-003;2,538e-003;2,274e-003;1,269e-003;3,305e-004
418;9,496e-004;3,910e-004;1,783e-004;3,379e-026;4,534e-006;3,774e-005;2,930e-004;7,160e-004;1,280e-003;2,173e-003;4,193e-003;4,351e-003;4,360e-003;4,328e-003;2,131e-003;5,937e-004;3,379e-026;3,379e-026;3,379e-026;3,379e-026;1,187e-003;4,488e-003;3,379e-026;3,379e-026;3,015e-004;3,379e-026;2,664e-003;1,807e-003;1,562e-003;8,241e-004;1,994e-004;4,992e-003;3,450e-003;3,053e-003;1,669e-003;4,407e-004
420;1,160e-003;4,934e-004;2,429e-004;3,279e-026;4,846e-006;8,941e-005;4,471e-004;1,041e-003;1,879e-003;3,245e-003;6,170e-003;6,426e-003;6,433e-003;6,397e-003;3,170e-003;9,487e-004;3,279e-026;3,279e-026;3,279e-026;3,279e-026;1,428e-003;6,664e-003;3,279e-026;3,279e-026;3,929e-004;3,279e-026;3,789e-003;2,465e-003;2,106e-003;1,104e-003;2,578e-004;7,023e-003;4,688e-003;4,090e-003;2,184e-003;5,670e-004
422;1,388e-003;6,005e-004;3,103e-004;3,177e-026;1,082e-005;1,429e-004;6,818e-004;1,507e-003;2,749e-003;4,719e-003;8,946e-003;9,320e-003;9,334e-003;9,303e-003;4,631e-003;1,476e-003;3,177e-026;3,177e-026;3,177e-026;3,177e-026;1,685e-003;9,718e-003;3,177e-026;3,177e-026;4,887e-004;3,177e-026;5,336e-003;3,339e-003;2,815e-003;1,451e-003;3,254e-004;9,784e-003;6,340e-003;5,443e-003;2,852e-003;6,975e-004
424;1,614e-003;7,150e-004;3,805e-004;3,094e-026;4,003e-005;2,461e-004;1,002e-003;2,172e-003;3,943e-003;6,786e-003;1,280e-002;1,336e-002;1,342e-002;1,337e-002;6,663e-003;2,171e-003;3,094e-026;3,094e-026;3,094e-026;3,094e-026;1,949e-003;1,400e-002;3,094e-026;3,094e-026;5,918e-004;3,094e-026;7,468e-003;4,501e-003;3,757e-003;1,889e-003;3,939e-004;1,357e-002;8,556e-003;7,247e-003;3,696e-003;8,422e-004
426;1,848e-003;8,051e-004;4,465e-004;1,736e-005;6,252e-005;3,840e-004;1,427e-003;3,074e-003;5,636e-003;9,675e-003;1,808e-002;1,892e-002;1,902e-002;1,891e-002;9,447e-003;3,150e-003;3,019e-026;3,019e-026;3,019e-026;3,019e-026;2,203e-003;1,987e-002;3,019e-026;3,019e-026;6,994e-004;3,019e-026;1,035e-002;6,069e-003;4,990e-003;2,437e-003;4,806e-004;1,868e-002;1,151e-002;9,608e-003;4,761e-003;1,010e-003
428;2,072e-003;9,061e-004;5,206e-004;1,580e-005;1,061e-004;5,772e-004;2,080e-003;4,408e-003;8,074e-003;1,383e-002;2,571e-002;2,697e-002;2,709e-002;2,699e-002;1,355e-002;4,577e-003;2,933e-026;2,933e-026;2,933e-026;2,933e-026;2,475e-003;2,838e-002;2,933e-026;2,933e-026;7,820e-004;2,933e-026;1,450e-002;8,280e-003;6,718e-003;3,194e-003;5,704e-004;2,599e-002;1,570e-002;1,294e-002;6,217e-003;1,191e-003
430;2,255e-003;9,929e-004;5,911e-004;3,447e-005;1,620e-004;8,375e-004;2,866e-003;6,021e-003;1,101e-002;1,888e-002;3,493e-002;3,664e-002;3,683e-002;3,673e-002;1,849e-002;6,340e-003;2,880e-026;2,087e-007;2,880e-026;2,880e-026;2,712e-003;3,859e-002;2,880e-026;2,880e-026;8,503e-004;2,880e-026;1,950e-002;1,092e-002;8,746e-003;4,062e-003;6,498e-004;3,477e-002;2,071e-002;1,690e-002;7,933e-003;1,378e-003
432;2,408e-003;1,060e-003;6,432e-004;4,022e-005;2,501e-004;1,149e-003;3,845e-003;8,033e-003;1,463e-002;2,505e-002;4,610e-002;4,835e-002;4,860e-002;4,845e-002;2,454e-002;8,485e-003;2,830e-026;8,188e-006;2,830e-026;2,830e-026;2,916e-003;5,090e-002;2,830e-026;2,830e-026;9,074e-004;2,830e-026;2,557e-002;1,410e-002;1,120e-002;5,077e-003;7,463e-004;4,537e-002;2,678e-002;2,168e-002;9,979e-003;1,590e-003
434;2,550e-003;1,111e-003;7,012e-004;5,978e-005;3,328e-004;1,528e-003;5,016e-003;1,043e-002;1,899e-002;3,244e-002;5,924e-002;6,209e-002;6,239e-002;6,219e-002;3,177e-002;1,105e-002;1,359e-005;3,140e-005;2,796e-026;2,796e-026;3,133e-003;6,525e-002;2,796e-026;2,796e-026;9,479e-004;2,796e-026;3,280e-002;1,787e-002;1,410e-002;6,282e-003;8,520e-004;5,785e-002;3,400e-002;2,736e-002;1,239e-002;1,823e-003
436;2,657e-003;1,138e-003;7,401e-004;6,748e-005;4,513e-004;1,967e-003;6,351e-003;1,314e-002;2,390e-002;4,074e-002;7,371e-002;7,708e-002;7,745e-002;7,722e-002;3,988e-002;1,393e-002;4,596e-005;6,608e-005;2,766e-026;2,766e-026;3,316e-003;8,078e-002;2,978e-005;2,766e-026;9,735e-004;2,766e-026;4,086e-002;2,207e-002;1,732e-002;7,624e-003;9,620e-004;7,165e-002;4,212e-002;3,377e-002;1,507e-002;2,079e-003
438;2,743e-003;1,169e-003;7,779e-004;5,564e-005;6,002e-004;2,466e-003;7,795e-003;1,605e-002;2,917e-002;4,962e-002;8,881e-002;9,252e-002;9,294e-002;9,269e-002;4,846e-002;1,702e-002;9,165e-005;1,209e-004;2,746e-026;1,286e-005;3,492e-003;9,649e-002;8,250e-005;2,746e-026;9,944e-004;2,746e-026;4,934e-002;2,653e-002;2,073e-002;9,036e-003;1,085e-003;8,617e-002;5,085e-002;4,066e-002;1,795e-002;2,368e-003
440;2,794e-003;1,179e-003;8,411e-004;7,436e-005;7,731e-004;2,974e-003;9,211e-003;1,890e-002;3,431e-002;5,838e-002;1,032e-001;1,069e-001;1,073e-001;1,071e-001;5,687e-002;2,001e-002;1,622e-004;1,817e-004;5,923e-006;4,556e-005;3,628e-003;1,107e-001;1,437e-004;2,735e-026;1,008e-003;2,735e-026;5,758e-002;3,083e-002;2,404e-002;1,041e-002;1,217e-003;1,002e-001;5,958e-002;4,756e-002;2,080e-002;2,645e-003
442;2,804e-003;1,187e-003;8,836e-004;9,504e-005;9,662e-004;3,466e-003;1,054e-002;2,152e-002;3,908e-002;6,662e-002;1,162e-001;1,194e-001;1,198e-001;1,196e-001;6,462e-002;2,272e-002;2,749e-004;2,699e-004;3,727e-005;7,214e-005;3,738e-003;1,227e-001;2,469e-004;2,726e-026;1,009e-003;2,726e-026;6,506e-002;3,465e-002;2,698e-002;1,161e-002;1,376e-003;1,132e-001;6,803e-002;5,421e-002;2,345e-002;2,959e-003
444;2,768e-003;1,145e-003;9,288e-004;1,066e-004;1,149e-003;3,843e-003;1,137e-002;2,315e-002;4,211e-002;7,218e-002;1,254e-001;1,282e-001;1,285e-001;1,283e-001;6,962e-002;2,437e-002;4,242e-004;4,015e-004;7,718e-005;1,132e-004;3,765e-003;1,309e-001;3,953e-004;2,733e-026;1,006e-003;2,733e-026;6,974e-002;3,689e-002;2,871e-002;1,230e-002;1,510e-003;1,227e-001;7,405e-002;5,889e-002;2,518e-002;3,200e-003
446;2,682e-003;1,131e-003;9,644e-004;1,060e-004;1,277e-003;4,033e-003;1,164e-002;2,365e-002;4,313e-002;7,467e-002;1,321e-001;1,344e-001;1,347e-001;1,346e-001;7,154e-002;2,487e-002;6,244e-004;5,635e-004;1,342e-004;1,736e-004;3,712e-003;1,367e-001;5,874e-004;2,753e-026;9,770e-004;2,753e-026;7,133e-002;3,738e-002;2,908e-002;1,244e-002;1,587e-003;1,295e-001;7,732e-002;6,126e-002;2,583e-002;3,332e-003
448;2,530e-003;1,072e-003;9,585e-004;1,055e-004;1,341e-003;3,989e-003;1,124e-002;2,279e-002;4,173e-002;7,314e-002;1,354e-001;1,373e-001;1,375e-001;1,375e-001;6,962e-002;2,404e-002;8,845e-004;7,841e-004;2,306e-004;2,510e-004;3,559e-003;1,391e-001;8,260e-004;2,769e-026;9,093e-004;2,769e-026;6,903e-002;3,581e-002;2,787e-002;1,192e-002;1,599e-003;1,329e-001;7,675e-002;6,051e-002;2,512e-002;3,315e-003
450;2,328e-003;9,789e-004;9,069e-004;1,026e-004;1,322e-003;3,725e-003;1,028e-002;2,084e-002;3,829e-002;6,795e-002;1,349e-001;1,361e-001;1,363e-001;1,364e-001;6,439e-002;2,220e-002;1,225e-003;1,082e-003;3,242e-004;3,735e-004;3,335e-003;1,372e-001;1,161e-003;2,798e-026;8,130e-004;2,798e-026;6,340e-002;3,265e-002;2,544e-002;1,087e-002;1,523e-003;1,326e-001;7,260e-002;5,699e-002;2,332e-002;3,150e-003
452;2,079e-003;8,393e-004;7,997e-004;9,170e-005;1,198e-003;3,275e-003;8,938e-003;1,808e-002;3,332e-002;5,962e-002;1,269e-001;1,269e-001;1,269e-001;1,273e-001;5,657e-002;1,973e-002;1,681e-003;1,486e-003;4,778e-004;5,337e-004;3,033e-003;1,265e-001;1,608e-003;2,831e-026;6,936e-004;2,831e-026;5,521e-002;2,838e-002;2,215e-002;9,467e-003;1,368e-003;1,254e-001;6,516e-002;5,102e-002;2,066e-002;2,839e-003
454;1,797e-003;6,907e-004;6,845e-004;6,302e-005;1,027e-003;2,738e-003;7,412e-003;1,501e-002;2,773e-002;4,985e-002;1,099e-001;1,083e-001;1,081e-001;1,089e-001;4,787e-002;1,721e-002;2,301e-003;2,020e-003;6,925e-004;7,339e-004;2,707e-003;1,062e-001;2,225e-003;2,868e-026;5,640e-004;2,868e-026;4,613e-002;2,380e-002;1,861e-002;7,981e-003;1,161e-003;1,101e-001;5,593e-002;4,386e-002;1,765e-002;2,448e-003
456;1,530e-003;5,502e-004;5,076e-004;6,711e-005;7,925e-004;2,154e-003;5,875e-003;1,186e-002;2,196e-002;3,944e-002;8,601e-002;8,365e-002;8,340e-002;8,441e-002;3,909e-002;1,493e-002;3,182e-003;2,777e-003;9,998e-004;1,036e-003;2,338e-003;8,100e-002;3,089e-003;1,221e-006;4,271e-004;2,899e-026;3,693e-002;1,925e-002;1,511e-002;6,509e-003;9,346e-004;8,841e-002;4,581e-002;3,611e-002;1,455e-002;2,021e-003
458;1,321e-003;4,367e-004;4,247e-004;4,117e-005;6,199e-004;1,716e-003;4,677e-003;9,482e-003;1,754e-002;3,145e-002;6,685e-002;6,471e-002;6,447e-002;6,566e-002;3,292e-002;1,366e-002;4,316e-003;3,752e-003;1,381e-003;1,427e-003;2,069e-003;6,241e-002;4,202e-003;1,419e-005;3,381e-004;2,928e-026;3,023e-002;1,597e-002;1,259e-002;5,466e-003;7,500e-004;7,088e-002;3,808e-002;3,018e-002;1,226e-002;1,669e-003
460;1,162e-003;3,479e-004;3,188e-004;5,125e-005;4,831e-004;1,387e-003;3,783e-003;7,675e-003;1,417e-002;2,538e-002;5,303e-002;5,126e-002;5,107e-002;5,251e-002;2,890e-002;1,333e-002;5,739e-003;5,020e-003;1,892e-003;1,930e-003;1,869e-003;4,945e-002;5,633e-003;2,851e-005;2,717e-004;2,956e-026;2,546e-002;1,369e-002;1,085e-002;4,774e-003;6,357e-004;5,846e-002;3,250e-002;2,594e-002;1,068e-002;1,464e-003
462;1,069e-003;2,963e-004;2,651e-004;2,283e-005;3,896e-004;1,114e-003;3,072e-003;6,234e-003;1,154e-002;2,064e-002;4,267e-002;4,128e-002;4,113e-002;4,292e-002;2,642e-002;1,375e-002;7,564e-003;6,628e-003;2,556e-003;2,603e-003;1,739e-003;3,982e-002;7,480e-003;5,789e-005;2,287e-004;2,973e-026;2,204e-002;1,214e-002;9,693e-003;4,334e-003;5,470e-004;4,974e-002;2,858e-002;2,301e-002;9,675e-003;1,340e-003
464;1,013e-003;2,720e-004;2,187e-004;1,532e-005;3,294e-004;9,120e-004;2,501e-003;5,100e-003;9,434e-003;1,684e-002;3,474e-002;3,357e-002;3,343e-002;3,574e-002;2,535e-002;1,496e-002;9,904e-003;8,690e-003;3,402e-003;3,436e-003;1,648e-003;3,235e-002;9,848e-003;9,709e-005;1,903e-004;2,989e-026;1,974e-002;1,120e-002;9,010e-003;4,111e-003;4,868e-004;4,385e-002;2,610e-002;2,121e-002;9,136e-003;1,277e-003
466;9,760e-004;2,373e-004;1,698e-004;6,890e-006;2,498e-004;7,312e-004;2,031e-003;4,134e-003;7,654e-003;1,370e-002;2,828e-002;2,726e-002;2,714e-002;3,010e-002;2,547e-002;1,696e-002;1,285e-002;1,130e-002;4,477e-003;4,523e-003;1,617e-003;2,620e-002;1,287e-002;1,469e-004;1,539e-004;3,000e-026;1,829e-002;1,075e-002;8,733e-003;4,083e-003;4,401e-004;3,995e-002;2,474e-002;2,029e-002;9,012e-003;1,268e-003
468;9,631e-004;2,055e-004;1,432e-004;1,857e-007;1,844e-004;5,837e-004;1,609e-003;3,324e-003;6,142e-003;1,100e-002;2,283e-002;2,194e-002;2,184e-002;2,563e-002;2,671e-002;1,980e-002;1,650e-002;1,452e-002;5,844e-003;5,903e-003;1,603e-003;2,101e-002;1,660e-002;2,167e-004;1,523e-004;3,000e-026;1,760e-002;1,077e-002;8,843e-003;4,241e-003;3,979e-004;3,761e-002;2,434e-002;2,019e-002;9,248e-003;1,282e-003
470;9,599e-004;1,694e-004;1,259e-004;2,992e-026;1,383e-004;4,462e-004;1,255e-003;2,571e-003;4,782e-003;8,587e-003;1,782e-002;1,709e-002;1,699e-002;2,199e-002;2,959e-002;2,412e-002;2,158e-002;1,905e-002;7,791e-003;7,840e-003;1,616e-003;1,630e-002;2,181e-002;3,297e-004;1,296e-004;2,992e-026;1,783e-002;1,140e-002;9,453e-003;4,634e-003;3,880e-004;3,690e-002;2,509e-002;2,107e-002;1,000e-002;1,404e-003
472;9,714e-004;1,731e-004;1,035e-004;2,986e-026;9,538e-005;3,537e-004;9,899e-004;2,048e-003;3,804e-003;6,838e-003;1,424e-002;1,362e-002;1,354e-002;1,990e-002;3,368e-002;2,921e-002;2,719e-002;2,406e-002;9,966e-003;1,001e-002;1,658e-003;1,298e-002;2,761e-002;4,514e-004;1,133e-004;2,986e-026;1,898e-002;1,257e-002;1,050e-002;5,253e-003;4,033e-004;3,802e-002;2,696e-002;2,285e-002;1,118e-002;1,582e-003
474;1,035e-003;1,845e-004;8,208e-005;2,988e-026;7,822e-005;2,575e-004;7,805e-004;1,649e-003;3,053e-003;5,486e-003;1,146e-002;1,094e-002;1,089e-002;1,884e-002;3,918e-002;3,545e-002;3,387e-002;3,006e-002;1,258e-002;1,263e-002;1,757e-003;1,042e-002;3,449e-002;6,162e-004;1,223e-004;2,988e-026;2,102e-002;1,432e-002;1,203e-002;6,117e-003;4,275e-004;4,079e-002;2,996e-002;2,559e-002;1,282e-002;1,819e-003
476;1,114e-003;2,014e-004;7,009e-005;2,983e-026;4,812e-005;2,025e-004;6,401e-004;1,328e-003;2,464e-003;4,421e-003;9,245e-003;8,832e-003;8,780e-003;1,858e-002;4,575e-002;4,260e-002;4,137e-002;3,680e-002;1,553e-002;1,562e-002;1,905e-003;8,411e-003;4,221e-002;8,230e-004;1,258e-004;2,983e-026;2,374e-002;1,652e-002;1,391e-002;7,150e-003;4,876e-004;4,485e-002;3,383e-002;2,908e-002;1,485e-002;2,135e-003
478;1,259e-003;2,210e-004;8,226e-005;2,987e-026;4,047e-005;1,497e-004;5,155e-004;1,091e-003;2,007e-003;3,599e-003;7,534e-003;7,211e-003;7,148e-003;1,899e-002;5,336e-002;5,066e-002;4,970e-002;4,432e-002;1,886e-002;1,894e-002;2,145e-003;6,857e-003;5,076e-002;1,096e-003;1,453e-004;2,987e-026;2,709e-002;1,913e-002;1,616e-002;8,383e-003;5,848e-004;5,019e-002;3,863e-002;3,333e-002;1,726e-002;2,523e-003
480;1,454e-003;2,869e-004;8,890e-005;2,991e-026;8,700e-006;1,157e-004;4,123e-004;9,153e-004;1,624e-003;2,943e-003;6,160e-003;5,914e-003;5,852e-003;1,979e-002;6,150e-002;5,912e-002;5,844e-002;5,224e-002;2,236e-002;2,246e-002;2,443e-003;5,605e-003;5,964e-002;1,430e-003;1,677e-004;2,991e-026;3,077e-002;2,199e-002;1,862e-002;9,722e-003;6,985e-004;5,629e-002;4,395e-002;3,804e-002;1,990e-002;2,956e-003
482;1,708e-003;3,584e-004;1,031e-004;2,991e-026;1,608e-005;9,521e-005;3,247e-004;7,513e-004;1,334e-003;2,390e-003;4,993e-003;4,760e-003;4,734e-003;2,083e-002;6,990e-002;6,779e-002;6,737e-002;6,038e-002;2,601e-002;2,613e-002;2,878e-003;4,544e-003;6,861e-002;1,888e-003;2,144e-004;2,991e-026;3,462e-002;2,495e-002;2,116e-002;1,111e-002;8,761e-004;6,290e-002;4,965e-002;4,309e-002;2,269e-002;3,438e-003
484;2,068e-003;4,455e-004;1,023e-004;2,982e-026;2,982e-026;4,355e-005;2,574e-004;6,109e-004;1,061e-003;1,902e-003;3,986e-003;3,834e-003;3,795e-003;2,177e-002;7,769e-002;7,576e-002;7,565e-002;6,799e-002;2,941e-002;2,954e-002;3,450e-003;3,618e-003;7,675e-002;2,484e-003;2,793e-004;2,982e-026;3,813e-002;2,766e-002;2,354e-002;1,241e-002;1,094e-003;6,936e-002;5,519e-002;4,798e-002;2,536e-002;3,951e-003
486;2,479e-003;5,563e-004;1,143e-004;2,974e-026;2,974e-026;2,490e-005;2,055e-004;5,026e-004;8,691e-004;1,549e-003;3,244e-003;3,112e-003;3,080e-003;2,230e-002;8,349e-002;8,171e-002;8,191e-002;7,380e-002;3,203e-002;3,216e-002;4,148e-003;2,938e-003;8,264e-002;3,184e-003;3,349e-004;2,974e-026;4,067e-002;2,967e-002;2,529e-002;1,339e-002;1,333e-003;7,447e-002;5,958e-002;5,187e-002;2,743e-002;4,379e-003
488;3,006e-003;7,018e-004;1,316e-004;2,964e-026;2,964e-026;2,964e-026;1,677e-004;4,081e-004;7,049e-004;1,252e-003;2,642e-003;2,515e-003;2,504e-003;2,239e-002;8,734e-002;8,561e-002;8,619e-002;7,792e-002;3,392e-002;3,408e-002;5,009e-003;2,379e-003;8,636e-002;4,054e-003;4,250e-004;2,964e-026;4,223e-002;3,096e-002;2,646e-002;1,405e-002;1,622e-003;7,820e-002;6,282e-002;5,476e-002;2,892e-002;4,754e-003
490;3,636e-003;8,503e-004;1,631e-004;2,947e-026;2,947e-026;2,947e-026;1,417e-004;3,411e-004;5,509e-004;1,005e-003;2,136e-003;2,051e-003;2,024e-003;2,187e-002;8,863e-002;8,694e-002;8,800e-002;7,990e-002;3,494e-002;3,509e-002;6,038e-003;1,927e-003;8,736e-002;5,118e-003;5,278e-004;2,947e-026;4,258e-002;3,138e-002;2,690e-002;1,433e-002;1,910e-003;8,009e-002;6,454e-002;5,635e-002;2,969e-002;5,040e-003
492;4,395e-003;1,043e-003;2,070e-004;2,924e-026;2,924e-026;2,924e-026;1,007e-004;2,882e-004;4,484e-004;8,119e-004;1,749e-003;1,682e-003;1,639e-003;2,075e-002;8,708e-002;8,546e-002;8,705e-002;7,962e-002;3,515e-002;3,530e-002;7,249e-003;1,572e-003;8,544e-002;6,400e-003;6,370e-004;2,924e-026;4,173e-002;3,096e-002;2,664e-002;1,425e-002;2,188e-003;7,994e-002;6,464e-002;5,652e-002;2,972e-002;5,218e-003
494;5,279e-003;1,248e-003;2,537e-004;2,899e-026;2,899e-026;2,899e-026;7,504e-005;2,568e-004;3,631e-004;6,855e-004;1,423e-003;1,381e-003;1,364e-003;1,916e-002;8,294e-002;8,139e-002;8,368e-002;7,739e-002;3,476e-002;3,494e-002;8,675e-003;1,297e-003;8,090e-002;7,951e-003;7,303e-004;2,899e-026;3,994e-002;2,989e-002;2,584e-002;1,388e-002;2,428e-003;7,796e-002;6,330e-002;5,549e-002;2,916e-002;5,332e-003
496;6,393e-003;1,475e-003;3,040e-004;2,863e-026;2,863e-026;2,863e-026;3,679e-005;2,033e-004;3,011e-004;5,352e-004;1,151e-003;1,110e-003;1,092e-003;1,701e-002;7,566e-002;7,423e-002;7,741e-002;7,310e-002;3,397e-002;3,412e-002;1,047e-002;1,042e-003;7,330e-002;9,994e-003;8,363e-004;2,863e-026;3,720e-002;2,818e-002;2,453e-002;1,325e-002;2,615e-003;7,383e-002;6,043e-002;5,322e-002;2,803e-002;5,362e-003
498;7,543e-003;1,716e-003;3,740e-004;2,826e-026;2,826e-026;2,826e-026;3,081e-005;1,749e-004;2,363e-004;4,349e-004;9,311e-004;9,176e-004;9,082e-004;1,495e-002;6,773e-002;6,641e-002;7,054e-002;6,853e-002;3,338e-002;3,351e-002;1,229e-002;8,548e-004;6,525e-002;1,222e-002;9,440e-004;2,826e-026;3,452e-002;2,655e-002;2,329e-002;1,265e-002;2,728e-003;6,924e-002;5,729e-002;5,076e-002;2,691e-002;5,409e-003
500;8,795e-003;1,922e-003;4,724e-004;2,791e-026;2,791e-026;2,791e-026;3,297e-005;1,484e-004;1,964e-004;3,454e-004;7,613e-004;7,381e-004;7,397e-004;1,308e-002;5,986e-002;5,868e-002;6,386e-002;6,440e-002;3,326e-002;3,338e-002;1,426e-002;6,945e-004;5,745e-002;1,476e-002;1,040e-003;2,791e-026;3,221e-002;2,518e-002;2,227e-002;1,219e-002;2,808e-003;6,482e-002;5,437e-002;4,854e-002;2,600e-002;5,483e-003
502;1,015e-002;2,168e-003;5,926e-004;9,418e-006;2,754e-026;2,754e-026;1,993e-005;1,298e-004;1,618e-004;2,810e-004;6,144e-004;6,054e-004;5,943e-004;1,137e-002;5,246e-002;5,141e-002;5,773e-002;6,100e-002;3,365e-002;3,376e-002;1,632e-002;5,595e-004;5,023e-002;1,760e-002;1,146e-003;2,754e-026;3,026e-002;2,411e-002;2,155e-002;1,186e-002;2,866e-003;6,086e-002;5,186e-002;4,672e-002;2,537e-002;5,621e-003
504;1,154e-002;2,424e-003;7,348e-004;1,935e-005;2,712e-026;2,712e-026;8,252e-006;1,157e-004;1,287e-004;2,230e-004;4,912e-004;4,815e-004;4,740e-004;9,875e-003;4,582e-002;4,491e-002;5,242e-002;5,845e-002;3,457e-002;3,469e-002;1,843e-002;4,410e-004;4,383e-002;2,070e-002;1,279e-003;2,712e-026;2,875e-002;2,335e-002;2,108e-002;1,170e-002;2,935e-003;5,757e-002;4,990e-002;4,539e-002;2,502e-002;5,811e-003
506;1,302e-002;2,733e-003;8,624e-004;4,144e-005;2,672e-026;2,672e-026;2,407e-006;8,719e-005;1,010e-004;1,852e-004;3,891e-004;3,848e-004;3,743e-004;8,613e-003;4,007e-002;3,926e-002;4,804e-002;5,683e-002;3,595e-002;3,608e-002;2,058e-002;3,525e-004;3,831e-002;2,399e-002;1,452e-003;2,672e-026;2,764e-002;2,288e-002;2,086e-002;1,168e-002;3,036e-003;5,504e-002;4,856e-002;4,462e-002;2,498e-002;6,072e-003
508;1,456e-002;3,083e-003;1,058e-003;3,890e-005;2,622e-026;2,622e-026;1,682e-007;6,828e-005;6,771e-005;1,373e-004;3,114e-004;3,000e-004;2,944e-004;7,390e-003;3,458e-002;3,389e-002;4,403e-002;5,566e-002;3,765e-002;3,777e-002;2,277e-002;2,643e-004;3,304e-002;2,747e-002;1,668e-003;2,622e-026;2,666e-002;2,252e-002;2,077e-002;1,172e-002;3,178e-003;5,283e-002;4,753e-002;4,413e-002;2,509e-002;6,390e-003
510;1,610e-002;3,488e-003;1,262e-003;7,239e-005;2,574e-026;2,574e-026;6,817e-008;6,751e-005;5,435e-005;9,613e-005;2,299e-004;2,173e-004;2,325e-004;6,331e-003;2,985e-002;2,927e-002;4,065e-002;5,495e-002;3,939e-002;3,950e-002;2,489e-002;2,135e-004;2,850e-002;3,072e-002;1,930e-003;2,574e-026;2,592e-002;2,233e-002;2,080e-002;1,184e-002;3,336e-003;5,118e-002;4,688e-002;4,399e-002;2,537e-002;6,733e-003
512;1,758e-002;3,882e-003;1,499e-003;8,540e-005;2,533e-026;2,533e-026;1,944e-007;6,433e-005;3,800e-005;6,392e-005;1,731e-004;1,803e-004;1,715e-004;5,448e-003;2,588e-002;2,535e-002;3,780e-002;5,446e-002;4,092e-002;4,107e-002;2,684e-002;1,499e-004;2,465e-002;3,353e-002;2,229e-003;2,533e-026;2,536e-002;2,225e-002;2,093e-002;1,204e-002;3,520e-003;4,995e-002;4,655e-002;4,411e-002;2,579e-002;7,099e-003
514;1,899e-002;4,310e-003;1,740e-003;1,182e-004;2,490e-026;2,490e-026;2,490e-026;5,768e-005;2,973e-005;3,997e-005;1,351e-004;1,258e-004;1,267e-004;4,633e-003;2,225e-002;2,178e-002;3,505e-002;5,373e-002;4,204e-002;4,220e-002;2,862e-002;1,101e-004;2,115e-002;3,573e-002;2,546e-003;2,490e-026;2,480e-002;2,219e-002;2,107e-002;1,226e-002;3,710e-003;4,878e-002;4,628e-002;4,426e-002;2,621e-002;7,467e-003
516;2,032e-002;4,743e-003;1,984e-003;1,419e-004;2,445e-026;2,445e-026;2,445e-026;4,340e-005;2,798e-005;2,776e-005;9,815e-005;9,654e-005;9,428e-005;3,927e-003;1,899e-002;1,860e-002;3,239e-002;5,261e-002;4,257e-002;4,275e-002;3,023e-002;7,939e-005;1,801e-002;3,717e-002;2,893e-003;2,445e-026;2,426e-002;2,213e-002;2,119e-002;1,250e-002;3,884e-003;4,767e-002;4,606e-002;4,444e-002;2,662e-002;7,838e-003
518;2,159e-002;5,209e-003;2,251e-003;1,636e-004;2,404e-026;2,404e-026;2,404e-026;2,504e-005;1,434e-005;1,545e-005;6,850e-005;7,037e-005;6,306e-005;3,303e-003;1,616e-002;1,583e-002;2,978e-002;5,108e-002;4,247e-002;4,266e-002;3,174e-002;4,960e-005;1,529e-002;3,781e-002;3,259e-003;2,404e-026;2,375e-002;2,208e-002;2,132e-002;1,275e-002;4,063e-003;4,665e-002;4,594e-002;4,468e-002;2,708e-002;8,216e-003
520;2,279e-002;5,661e-003;2,533e-003;2,047e-004;2,357e-026;2,357e-026;2,357e-026;3,583e-005;1,788e-005;1,046e-005;4,862e-005;3,910e-005;3,075e-005;2,754e-003;1,358e-002;1,328e-002;2,707e-002;4,876e-002;4,148e-002;4,164e-002;3,307e-002;2,419e-005;1,283e-002;3,740e-002;3,648e-003;2,357e-026;2,317e-002;2,200e-002;2,143e-002;1,301e-002;4,241e-003;4,551e-002;4,576e-002;4,485e-002;2,750e-002;8,600e-003
522;2,391e-002;6,125e-003;2,814e-003;2,314e-004;2,315e-026;2,315e-026;2,315e-026;3,427e-005;2,315e-026;6,005e-006;2,289e-005;8,310e-006;1,724e-005;2,294e-003;1,141e-002;1,117e-002;2,437e-002;4,583e-002;3,966e-002;3,983e-002;3,427e-002;2,267e-006;1,078e-002;3,604e-002;4,052e-003;2,315e-026;2,260e-002;2,193e-002;2,150e-002;1,330e-002;4,420e-003;4,441e-002;4,561e-002;4,503e-002;2,790e-002;8,990e-003
524;2,485e-002;6,582e-003;3,089e-003;2,593e-004;2,281e-026;2,281e-026;2,281e-026;1,830e-005;1,151e-006;9,716e-006;7,082e-006;2,281e-026;2,281e-026;1,958e-003;9,746e-003;9,545e-003;2,196e-002;4,267e-002;3,737e-002;3,752e-002;3,526e-002;2,281e-026;9,198e-003;3,410e-002;4,455e-003;2,281e-026;2,209e-002;2,187e-002;2,157e-002;1,356e-002;4,592e-003;4,346e-002;4,554e-002;4,525e-002;2,830e-002;9,347e-003
526;2,569e-002;7,021e-003;3,361e-003;2,856e-004;2,251e-026;2,251e-026;2,251e-026;1,619e-005;1,641e-006;2,251e-026;4,279e-006;2,251e-026;2,251e-026;1,664e-003;8,346e-003;8,161e-003;1,964e-002;3,921e-002;3,464e-002;3,481e-002;3,611e-002;2,251e-026;7,867e-003;3,168e-002;4,844e-003;2,251e-026;2,158e-002;2,178e-002;2,162e-002;1,379e-002;4,755e-003;4,251e-002;4,544e-002;4,543e-002;2,866e-002;9,703e-003
528;2,646e-002;7,463e-003;3,646e-003;3,106e-004;2,227e-026;2,227e-026;2,227e-026;1,405e-005;6,243e-007;3,626e-006;2,227e-026;2,227e-026;2,227e-026;1,409e-003;7,170e-003;7,004e-003;1,751e-002;3,567e-002;3,174e-002;3,188e-002;3,687e-002;2,227e-026;6,750e-003;2,905e-002;5,238e-003;2,227e-026;2,111e-002;2,170e-002;2,166e-002;1,401e-002;4,912e-003;4,165e-002;4,540e-002;4,562e-002;2,902e-002;1,004e-002
530;2,716e-002;7,890e-003;3,916e-003;3,339e-004;2,207e-026;2,207e-026;2,207e-026;1,645e-005;2,125e-007;1,235e-006;2,207e-026;2,207e-026;2,207e-026;1,183e-003;6,164e-003;6,019e-003;1,553e-002;3,219e-002;2,878e-002;2,893e-002;3,753e-002;2,207e-026;5,797e-003;2,637e-002;5,624e-003;2,207e-026;2,065e-002;2,162e-002;2,170e-002;1,419e-002;5,065e-003;4,082e-002;4,534e-002;4,580e-002;2,935e-002;1,036e-002
532;2,777e-002;8,344e-003;4,199e-003;3,747e-004;2,188e-026;2,188e-026;2,188e-026;4,481e-006;2,188e-026;1,040e-005;2,188e-026;2,188e-026;2,188e-026;1,001e-003;5,230e-003;5,120e-003;1,360e-002;2,861e-002;2,571e-002;2,584e-002;3,804e-002;2,188e-026;4,928e-003;2,358e-002;6,038e-003;2,188e-026;2,018e-002;2,150e-002;2,169e-002;1,435e-002;5,210e-003;3,994e-002;4,520e-002;4,590e-002;2,964e-002;1,068e-002
534;2,837e-002;8,802e-003;4,488e-003;3,867e-004;2,174e-026;2,174e-026;2,174e-026;3,806e-006;2,174e-026;2,174e-026;2,174e-026;2,174e-026;2,174e-026;8,387e-004;4,442e-003;4,352e-003;1,190e-002;2,536e-002;2,290e-002;2,301e-002;3,851e-002;2,174e-026;4,168e-003;2,103e-002;6,453e-003;2,174e-026;1,976e-002;2,140e-002;2,171e-002;1,449e-002;5,350e-003;3,917e-002;4,511e-002;4,604e-002;2,996e-002;1,099e-002
536;2,891e-002;9,222e-003;4,768e-003;4,194e-004;2,165e-026;4,017e-006;2,165e-026;7,841e-006;2,165e-026;4,349e-006;2,165e-026;2,165e-026;2,165e-026;7,036e-004;3,799e-003;3,721e-003;1,048e-002;2,261e-002;2,050e-002;2,060e-002;3,887e-002;2,165e-026;3,557e-003;1,886e-002;6,840e-003;2,165e-026;1,941e-002;2,132e-002;2,173e-002;1,462e-002;5,483e-003;3,851e-002;4,503e-002;4,617e-002;3,025e-002;1,126e-002
538;2,943e-002;9,659e-003;5,049e-003;4,537e-004;2,160e-026;5,458e-006;2,160e-026;2,160e-026;2,160e-026;5,908e-006;2,160e-026;2,160e-026;2,160e-026;5,768e-004;3,237e-003;3,184e-003;9,240e-003;2,015e-002;1,835e-002;1,844e-002;3,920e-002;2,160e-026;3,032e-003;1,689e-002;7,247e-003;2,160e-026;1,910e-002;2,128e-002;2,179e-002;1,476e-002;5,607e-003;3,795e-002;4,499e-002;4,635e-002;3,057e-002;1,154e-002
540;2,994e-002;1,009e-002;5,327e-003;4,660e-004;2,157e-026;3,009e-006;2,157e-026;2,360e-006;2,157e-026;1,349e-005;2,157e-026;2,157e-026;2,157e-026;4,874e-004;2,774e-003;2,725e-003;8,131e-003;1,792e-002;1,639e-002;1,647e-002;3,947e-002;2,157e-026;2,586e-003;1,511e-002;7,656e-003;2,157e-026;1,883e-002;2,123e-002;2,184e-002;1,489e-002;5,736e-003;3,743e-002;4,497e-002;4,655e-002;3,089e-002;1,182e-002
542;3,043e-002;1,054e-002;5,624e-003;4,823e-004;2,154e-026;1,140e-006;2,154e-026;7,055e-006;2,154e-026;1,886e-005;2,154e-026;2,154e-026;2,154e-026;4,130e-004;2,382e-003;2,334e-003;7,155e-003;1,592e-002;1,457e-002;1,467e-002;3,967e-002;2,154e-026;2,202e-003;1,346e-002;8,066e-003;2,154e-026;1,856e-002;2,119e-002;2,190e-002;1,504e-002;5,868e-003;3,694e-002;4,493e-002;4,672e-002;3,122e-002;1,210e-002
544;3,095e-002;1,103e-002;5,951e-003;5,268e-004;4,574e-007;1,945e-005;2,151e-026;4,030e-007;2,151e-026;8,408e-006;2,151e-026;2,151e-026;2,151e-026;3,399e-004;2,026e-003;1,979e-003;6,180e-003;1,396e-002;1,281e-002;1,289e-002;3,983e-002;2,151e-026;1,854e-003;1,183e-002;8,533e-003;2,151e-026;1,831e-002;2,115e-002;2,196e-002;1,519e-002;6,005e-003;3,644e-002;4,490e-002;4,691e-002;3,156e-002;1,241e-002
546;3,146e-002;1,154e-002;6,293e-003;5,630e-004;6,842e-006;1,048e-005;2,154e-026;2,154e-026;2,154e-026;1,192e-005;2,154e-026;2,154e-026;2,154e-026;2,729e-004;1,734e-003;1,689e-003;5,390e-003;1,225e-002;1,126e-002;1,134e-002;3,995e-002;2,154e-026;1,583e-003;1,040e-002;9,007e-003;2,154e-026;1,810e-002;2,113e-002;2,205e-002;1,538e-002;6,143e-003;3,603e-002;4,490e-002;4,714e-002;3,195e-002;1,272e-002
548;3,199e-002;1,204e-002;6,631e-003;5,974e-004;9,970e-006;1,539e-005;4,356e-006;5,717e-007;2,158e-026;2,442e-005;2,158e-026;2,158e-026;2,158e-026;2,366e-004;1,502e-003;1,463e-003;4,712e-003;1,080e-002;9,931e-003;9,993e-003;4,005e-002;2,158e-026;1,364e-003;9,161e-003;9,492e-003;2,158e-026;1,793e-002;2,112e-002;2,216e-002;1,555e-002;6,292e-003;3,568e-002;4,493e-002;4,739e-002;3,235e-002;1,304e-002
550;3,251e-002;1,257e-002;6,985e-003;6,346e-004;1,417e-005;1,662e-005;8,735e-006;8,518e-006;2,872e-006;2,427e-005;2,166e-026;2,166e-026;2,166e-026;2,070e-004;1,306e-003;1,265e-003;4,123e-003;9,466e-003;8,731e-003;8,787e-003;4,014e-002;2,166e-026;1,177e-003;8,041e-003;9,999e-003;2,166e-026;1,777e-002;2,113e-002;2,227e-002;1,575e-002;6,441e-003;3,536e-002;4,497e-002;4,767e-002;3,277e-002;1,337e-002
552;3,300e-002;1,310e-002;7,343e-003;6,758e-004;2,819e-005;2,521e-005;6,781e-006;1,450e-005;8,316e-006;3,601e-005;1,168e-005;2,173e-026;2,173e-026;1,839e-004;1,134e-003;1,103e-003;3,593e-003;8,278e-003;7,641e-003;7,695e-003;4,013e-002;2,173e-026;1,009e-003;7,042e-003;1,051e-002;2,173e-026;1,760e-002;2,112e-002;2,236e-002;1,592e-002;6,595e-003;3,503e-002;4,496e-002;4,790e-002;3,316e-002;1,370e-002
554;3,349e-002;1,365e-002;7,719e-003;7,200e-004;1,809e-005;2,497e-005;1,969e-005;2,376e-005;2,073e-005;3,197e-005;1,508e-005;2,182e-026;2,182e-026;1,599e-004;9,984e-004;9,596e-004;3,113e-003;7,252e-003;6,687e-003;6,739e-003;4,007e-002;2,182e-026;8,650e-004;6,147e-003;1,105e-002;2,793e-006;1,744e-002;2,111e-002;2,247e-002;1,611e-002;6,753e-003;3,469e-002;4,493e-002;4,813e-002;3,357e-002;1,402e-002
556;3,398e-002;1,426e-002;8,146e-003;7,698e-004;2,980e-005;3,997e-005;3,961e-005;2,318e-005;4,467e-005;4,596e-005;4,067e-005;2,192e-026;2,192e-026;1,294e-004;8,497e-004;8,198e-004;2,643e-003;6,232e-003;5,751e-003;5,783e-003;3,988e-002;2,192e-026;7,243e-004;5,281e-003;1,166e-002;1,172e-005;1,722e-002;2,104e-002;2,254e-002;1,629e-002;6,923e-003;3,425e-002;4,483e-002;4,831e-002;3,397e-002;1,441e-002
558;3,449e-002;1,485e-002;8,574e-003;8,127e-004;3,835e-005;4,613e-005;4,521e-005;5,435e-005;5,098e-005;7,174e-005;6,091e-005;2,206e-026;2,206e-026;1,304e-004;7,492e-004;7,091e-004;2,306e-003;5,459e-003;5,032e-003;5,073e-003;3,975e-002;2,206e-026;6,218e-004;4,622e-003;1,224e-002;1,585e-005;1,708e-002;2,102e-002;2,265e-002;1,650e-002;7,090e-003;3,394e-002;4,479e-002;4,855e-002;3,440e-002;1,477e-002
560;3,498e-002;1,546e-002;9,006e-003;8,699e-004;5,286e-005;6,084e-005;6,004e-005;6,939e-005;6,742e-005;9,190e-005;8,965e-005;2,222e-026;2,222e-026;1,162e-004;6,680e-004;6,201e-004;2,018e-003;4,775e-003;4,422e-003;4,455e-003;3,958e-002;2,222e-026;5,342e-004;4,055e-003;1,284e-002;3,204e-005;1,693e-002;2,100e-002;2,276e-002;1,670e-002;7,267e-003;3,362e-002;4,475e-002;4,879e-002;3,483e-002;1,514e-002
562;3,549e-002;1,609e-002;9,444e-003;9,317e-004;6,859e-005;8,505e-005;6,976e-005;8,626e-005;9,202e-005;1,178e-004;1,219e-004;2,241e-026;2,241e-026;1,183e-004;5,961e-004;5,377e-004;1,752e-003;4,183e-003;3,873e-003;3,909e-003;3,936e-002;2,241e-026;4,539e-004;3,557e-003;1,347e-002;5,094e-005;1,678e-002;2,098e-002;2,287e-002;1,689e-002;7,450e-003;3,330e-002;4,469e-002;4,902e-002;3,526e-002;1,552e-002
564;3,600e-002;1,673e-002;9,904e-003;9,930e-004;9,845e-005;1,130e-004;9,883e-005;1,176e-004;1,244e-004;1,496e-004;1,597e-004;1,625e-005;2,263e-026;1,203e-004;5,312e-004;4,704e-004;1,544e-003;3,681e-003;3,408e-003;3,443e-003;3,910e-002;2,108e-006;3,885e-004;3,121e-003;1,411e-002;7,421e-005;1,663e-002;2,095e-002;2,298e-002;1,711e-002;7,638e-003;3,298e-002;4,463e-002;4,925e-002;3,571e-002;1,592e-002
566;3,650e-002;1,740e-002;1,039e-002;1,053e-003;1,205e-004;1,330e-004;1,481e-004;1,488e-004;1,604e-004;1,862e-004;2,053e-004;3,783e-005;1,437e-006;1,194e-004;4,844e-004;4,204e-004;1,319e-003;3,201e-003;2,974e-003;2,998e-003;3,877e-002;1,651e-005;3,239e-004;2,707e-003;1,478e-002;1,053e-004;1,645e-002;2,090e-002;2,307e-002;1,732e-002;7,829e-003;3,260e-002;4,450e-002;4,944e-002;3,616e-002;1,634e-002
568;3,695e-002;1,808e-002;1,091e-002;1,164e-003;1,700e-004;1,664e-004;1,824e-004;2,043e-004;2,089e-004;2,430e-004;2,751e-004;6,808e-005;2,453e-005;1,153e-004;4,326e-004;3,608e-004;1,154e-003;2,768e-003;2,567e-003;2,599e-003;3,835e-002;4,050e-005;2,741e-004;2,353e-003;1,545e-002;1,423e-004;1,625e-002;2,082e-002;2,315e-002;1,752e-002;8,021e-003;3,218e-002;4,434e-002;4,958e-002;3,658e-002;1,675e-002
570;3,741e-002;1,873e-002;1,140e-002;1,253e-003;2,344e-004;2,230e-004;2,514e-004;2,508e-004;2,735e-004;3,100e-004;3,462e-004;8,456e-005;4,134e-005;1,278e-004;4,116e-004;3,284e-004;1,012e-003;2,424e-003;2,264e-003;2,273e-003;3,797e-002;5,718e-005;2,453e-004;2,053e-003;1,611e-002;1,997e-004;1,608e-002;2,077e-002;2,323e-002;1,773e-002;8,216e-003;3,182e-002;4,419e-002;4,976e-002;3,701e-002;1,716e-002
572;3,784e-002;1,938e-002;1,191e-002;1,378e-003;3,090e-004;2,941e-004;3,166e-004;3,368e-004;3,434e-004;3,744e-004;4,414e-004;1,002e-004;6,846e-005;1,400e-004;3,949e-004;2,884e-004;8,810e-004;2,134e-003;1,985e-003;2,000e-003;3,755e-002;6,435e-005;2,028e-004;1,793e-003;1,673e-002;2,727e-004;1,589e-002;2,071e-002;2,332e-002;1,791e-002;8,412e-003;3,145e-002;4,403e-002;4,990e-002;3,741e-002;1,757e-002
574;3,824e-002;2,000e-002;1,242e-002;1,513e-003;4,000e-004;3,866e-004;4,024e-004;4,261e-004;4,572e-004;4,805e-004;5,577e-004;1,375e-004;9,165e-005;1,527e-004;3,734e-004;2,537e-004;7,766e-004;1,871e-003;1,737e-003;1,742e-003;3,710e-002;8,570e-005;1,735e-004;1,567e-003;1,735e-002;3,585e-004;1,572e-002;2,064e-002;2,338e-002;1,811e-002;8,605e-003;3,107e-002;4,385e-002;5,004e-002;3,781e-002;1,798e-002
576;3,860e-002;2,060e-002;1,294e-002;1,662e-003;5,113e-004;4,998e-004;5,201e-004;5,599e-004;5,685e-004;6,045e-004;6,933e-004;1,739e-004;1,193e-004;1,662e-004;3,646e-004;2,369e-004;6,845e-004;1,645e-003;1,529e-003;1,542e-003;3,660e-002;1,059e-004;1,709e-004;1,367e-003;1,796e-002;4,728e-004;1,554e-002;2,057e-002;2,345e-002;1,831e-002;8,817e-003;3,068e-002;4,367e-002;5,015e-002;3,821e-002;1,842e-002
578;3,897e-002;2,126e-002;1,357e-002;1,878e-003;6,866e-004;6,800e-004;7,166e-004;7,540e-004;7,737e-004;7,987e-004;8,987e-004;2,328e-004;1,566e-004;1,991e-004;3,628e-004;2,183e-004;5,998e-004;1,409e-003;1,323e-003;1,320e-003;3,598e-002;1,277e-004;1,534e-004;1,177e-003;1,860e-002;6,400e-004;1,531e-002;2,045e-002;2,350e-002;1,850e-002;9,046e-003;3,021e-002;4,342e-002;5,023e-002;3,862e-002;1,889e-002
580;3,929e-002;2,184e-002;1,415e-002;2,133e-003;8,849e-004;8,713e-004;9,190e-004;9,600e-004;9,898e-004;1,023e-003;1,152e-003;2,808e-004;1,963e-004;2,296e-004;3,756e-004;2,019e-004;5,316e-004;1,254e-003;1,156e-003;1,168e-003;3,543e-002;1,577e-004;1,325e-004;1,019e-003;1,915e-002;8,452e-004;1,513e-002;2,037e-002;2,356e-002;1,869e-002;9,268e-003;2,983e-002;4,322e-002;5,034e-002;3,902e-002;1,935e-002
582;3,957e-002;2,239e-002;1,476e-002;2,429e-003;1,156e-003;1,141e-003;1,191e-003;1,217e-003;1,262e-003;1,309e-003;1,445e-003;3,490e-004;2,280e-004;2,411e-004;3,817e-004;2,055e-004;4,654e-004;1,106e-003;1,035e-003;1,017e-003;3,486e-002;1,823e-004;1,256e-004;8,906e-004;1,966e-002;1,106e-003;1,495e-002;2,030e-002;2,364e-002;1,890e-002;9,502e-003;2,945e-002;4,303e-002;5,045e-002;3,941e-002;1,984e-002
584;3,985e-002;2,294e-002;1,541e-002;2,794e-003;1,494e-003;1,484e-003;1,534e-003;1,567e-003;1,601e-003;1,657e-003;1,813e-003;4,301e-004;2,700e-004;2,618e-004;3,934e-004;2,011e-004;4,427e-004;9,779e-004;9,161e-004;9,038e-004;3,427e-002;2,116e-004;1,227e-004;7,800e-004;2,013e-002;1,438e-003;1,477e-002;2,024e-002;2,372e-002;1,910e-002;9,757e-003;2,910e-002;4,287e-002;5,059e-002;3,983e-002;2,038e-002
586;4,009e-002;2,345e-002;1,611e-002;3,247e-003;1,905e-003;1,902e-003;1,960e-003;2,011e-003;2,029e-003;2,090e-003;2,280e-003;5,348e-004;3,083e-004;3,030e-004;4,033e-004;1,952e-004;4,159e-004;8,779e-004;8,029e-004;7,912e-004;3,364e-002;2,411e-004;1,236e-004;6,789e-004;2,057e-002;1,845e-003;1,461e-002;2,017e-002;2,381e-002;1,932e-002;1,003e-002;2,875e-002;4,273e-002;5,074e-002;4,027e-002;2,094e-002
588;4,027e-002;2,395e-002;1,693e-002;3,856e-003;2,499e-003;2,478e-003;2,540e-003;2,596e-003;2,630e-003;2,700e-003;2,880e-003;6,552e-004;3,767e-004;3,455e-004;4,265e-004;2,088e-004;3,731e-004;7,782e-004;7,191e-004;7,007e-004;3,290e-002;2,776e-004;1,171e-004;5,982e-004;2,094e-002;2,425e-003;1,442e-002;2,012e-002;2,390e-002;1,955e-002;1,036e-002;2,837e-002;4,255e-002;5,086e-002;4,072e-002;2,160e-002
590;4,045e-002;2,441e-002;1,783e-002;4,562e-003;3,170e-003;3,166e-003;3,233e-003;3,303e-003;3,348e-003;3,413e-003;3,627e-003;8,092e-004;4,417e-004;3,715e-004;4,464e-004;2,253e-004;3,442e-004;7,277e-004;6,401e-004;6,242e-004;3,215e-002;3,176e-004;1,264e-004;5,162e-004;2,124e-002;3,114e-003;1,426e-002;2,010e-002;2,402e-002;1,980e-002;1,072e-002;2,803e-002;4,244e-002;5,105e-002;4,124e-002;2,232e-002
592;4,060e-002;2,484e-002;1,878e-002;5,396e-003;3,973e-003;3,980e-003;4,056e-003;4,106e-003;4,163e-003;4,252e-003;4,478e-003;9,814e-004;4,987e-004;4,022e-004;4,612e-004;2,354e-004;3,234e-004;6,717e-004;5,814e-004;5,570e-004;3,146e-002;3,545e-004;1,299e-004;4,601e-004;2,148e-002;3,906e-003;1,415e-002;2,011e-002;2,419e-002;2,011e-002;1,112e-002;2,777e-002;4,242e-002;5,134e-002;4,181e-002;2,311e-002
594;4,075e-002;2,523e-002;1,983e-002;6,362e-003;4,929e-003;4,929e-003;5,017e-003;5,080e-003;5,132e-003;5,240e-003;5,481e-003;1,192e-003;5,775e-004;4,412e-004;5,073e-004;2,338e-004;3,116e-004;6,069e-004;5,410e-004;5,099e-004;3,072e-002;3,929e-004;1,460e-004;4,053e-004;2,165e-002;4,859e-003;1,404e-002;2,016e-002;2,440e-002;2,043e-002;1,155e-002;2,753e-002;4,245e-002;5,169e-002;4,245e-002;2,400e-002
596;4,090e-002;2,563e-002;2,102e-002;7,494e-003;6,068e-003;6,067e-003;6,127e-003;6,212e-003;6,269e-003;6,407e-003;6,660e-003;1,409e-003;6,418e-004;4,746e-004;5,202e-004;2,573e-004;3,055e-004;5,748e-004;4,869e-004;4,592e-004;2,997e-002;4,226e-004;1,568e-004;3,542e-004;2,177e-002;5,971e-003;1,397e-002;2,024e-002;2,464e-002;2,080e-002;1,205e-002;2,734e-002;4,255e-002;5,210e-002;4,317e-002;2,499e-002
598;4,100e-002;2,601e-002;2,238e-002;8,872e-003;7,430e-003;7,420e-003;7,500e-003;7,572e-003;7,674e-003;7,789e-003;8,071e-003;1,694e-003;7,246e-004;5,293e-004;5,725e-004;2,759e-004;3,124e-004;5,341e-004;4,513e-004;4,176e-004;2,914e-002;4,534e-004;1,721e-004;3,182e-004;2,180e-002;7,320e-003;1,388e-002;2,037e-002;2,493e-002;2,122e-002;1,263e-002;2,716e-002;4,270e-002;5,260e-002;4,397e-002;2,614e-002
600;4,110e-002;2,637e-002;2,390e-002;1,044e-002;8,982e-003;9,011e-003;9,078e-003;9,158e-003;9,258e-003;9,410e-003;9,708e-003;1,993e-003;8,151e-004;5,489e-004;5,960e-004;2,861e-004;3,017e-004;5,231e-004;4,059e-004;3,746e-004;2,825e-002;4,921e-004;1,979e-004;2,778e-004;2,176e-002;8,893e-003;1,383e-002;2,052e-002;2,527e-002;2,170e-002;1,327e-002;2,703e-002;4,295e-002;5,319e-002;4,490e-002;2,742e-002
602;4,115e-002;2,669e-002;2,538e-002;1,203e-002;1,059e-002;1,059e-002;1,069e-002;1,078e-002;1,087e-002;1,104e-002;1,133e-002;2,297e-003;8,921e-004;5,907e-004;6,149e-004;2,975e-004;3,100e-004;5,121e-004;3,861e-004;3,477e-004;2,742e-002;5,290e-004;1,997e-004;2,400e-004;2,166e-002;1,048e-002;1,380e-002;2,070e-002;2,560e-002;2,217e-002;1,390e-002;2,692e-002;4,322e-002;5,381e-002;4,580e-002;2,871e-002
604;4,122e-002;2,697e-002;2,699e-002;1,375e-002;1,231e-002;1,232e-002;1,241e-002;1,251e-002;1,263e-002;1,281e-002;1,311e-002;2,622e-003;9,850e-004;6,227e-004;6,443e-004;3,145e-004;3,097e-004;4,895e-004;3,612e-004;3,228e-004;2,659e-002;5,574e-004;2,118e-004;2,134e-004;2,149e-002;1,219e-002;1,380e-002;2,089e-002;2,597e-002;2,266e-002;1,458e-002;2,687e-002;4,356e-002;5,451e-002;4,679e-002;3,009e-002
606;4,125e-002;2,721e-002;2,862e-002;1,556e-002;1,412e-002;1,416e-002;1,422e-002;1,432e-002;1,447e-002;1,466e-002;1,498e-002;2,959e-003;1,058e-003;6,547e-004;6,742e-004;3,334e-004;3,188e-004;4,766e-004;3,357e-004;3,024e-004;2,575e-002;5,816e-004;2,310e-004;1,864e-004;2,127e-002;1,398e-002;1,379e-002;2,111e-002;2,635e-002;2,315e-002;1,525e-002;2,683e-002;4,393e-002;5,523e-002;4,779e-002;3,150e-002
608;4,120e-002;2,737e-002;3,029e-002;1,746e-002;1,603e-002;1,606e-002;1,613e-002;1,623e-002;1,639e-002;1,663e-002;1,694e-002;3,297e-003;1,132e-003;6,692e-004;6,967e-004;3,353e-004;3,051e-004;4,744e-004;3,270e-004;3,071e-004;2,484e-002;5,985e-004;2,392e-004;1,796e-004;2,096e-002;1,586e-002;1,376e-002;2,130e-002;2,669e-002;2,364e-002;1,595e-002;2,675e-002;4,427e-002;5,592e-002;4,878e-002;3,293e-002
610;4,104e-002;2,750e-002;3,202e-002;1,944e-002;1,802e-002;1,809e-002;1,815e-002;1,826e-002;1,843e-002;1,868e-002;1,902e-002;3,656e-003;1,223e-003;7,217e-004;7,161e-004;3,620e-004;3,181e-004;4,675e-004;3,062e-004;3,000e-004;2,387e-002;6,221e-004;2,576e-004;1,533e-004;2,056e-002;1,785e-002;1,374e-002;2,147e-002;2,704e-002;2,410e-002;1,667e-002;2,667e-002;4,460e-002;5,662e-002;4,976e-002;3,441e-002
612;4,088e-002;2,756e-002;3,355e-002;2,123e-002;1,985e-002;1,989e-002;1,997e-002;2,006e-002;2,026e-002;2,052e-002;2,085e-002;3,971e-003;1,287e-003;7,307e-004;7,155e-004;3,617e-004;3,136e-004;4,612e-004;2,900e-004;2,921e-004;2,302e-002;6,359e-004;2,633e-004;1,479e-004;2,017e-002;1,960e-002;1,370e-002;2,161e-002;2,732e-002;2,449e-002;1,727e-002;2,658e-002;4,487e-002;5,722e-002;5,063e-002;3,572e-002
614;4,063e-002;2,753e-002;3,496e-002;2,294e-002;2,157e-002;2,162e-002;2,169e-002;2,179e-002;2,198e-002;2,228e-002;2,261e-002;4,257e-003;1,339e-003;7,364e-004;7,148e-004;3,791e-004;3,316e-004;4,538e-004;2,919e-004;2,817e-004;2,216e-002;6,455e-004;2,689e-004;1,328e-004;1,973e-002;2,127e-002;1,365e-002;2,171e-002;2,753e-002;2,481e-002;1,781e-002;2,647e-002;4,509e-002;5,773e-002;5,138e-002;3,692e-002
616;4,029e-002;2,741e-002;3,621e-002;2,451e-002;2,316e-002;2,321e-002;2,327e-002;2,339e-002;2,358e-002;2,391e-002;2,425e-002;4,512e-003;1,396e-003;7,494e-004;7,390e-004;3,981e-004;3,167e-004;4,629e-004;2,870e-004;2,579e-004;2,131e-002;6,481e-004;2,800e-004;1,176e-004;1,926e-002;2,281e-002;1,357e-002;2,175e-002;2,766e-002;2,506e-002;1,827e-002;2,631e-002;4,522e-002;5,811e-002;5,200e-002;3,799e-002
618;3,984e-002;2,721e-002;3,734e-002;2,595e-002;2,464e-002;2,470e-002;2,475e-002;2,487e-002;2,508e-002;2,543e-002;2,578e-002;4,745e-003;1,421e-003;7,387e-004;7,339e-004;4,055e-004;3,338e-004;4,443e-004;2,828e-004;2,326e-004;2,044e-002;6,517e-004;2,859e-004;9,938e-005;1,873e-002;2,423e-002;1,345e-002;2,173e-002;2,770e-002;2,521e-002;1,867e-002;2,609e-002;4,521e-002;5,833e-002;5,243e-002;3,893e-002
620;3,925e-002;2,693e-002;3,828e-002;2,727e-002;2,600e-002;2,604e-002;2,613e-002;2,623e-002;2,646e-002;2,679e-002;2,713e-002;4,951e-003;1,462e-003;7,337e-004;7,292e-004;4,014e-004;3,260e-004;4,709e-004;2,570e-004;2,381e-004;1,951e-002;6,434e-004;2,735e-004;9,939e-005;1,813e-002;2,553e-002;1,329e-002;2,162e-002;2,765e-002;2,527e-002;1,898e-002;2,575e-002;4,504e-002;5,837e-002;5,271e-002;3,968e-002
622;3,864e-002;2,660e-002;3,894e-002;2,828e-002;2,702e-002;2,708e-002;2,717e-002;2,727e-002;2,752e-002;2,787e-002;2,819e-002;5,093e-003;1,482e-003;7,437e-004;7,085e-004;4,043e-004;3,187e-004;4,590e-004;2,418e-004;2,482e-004;1,874e-002;6,323e-004;2,791e-004;9,638e-005;1,758e-002;2,651e-002;1,312e-002;2,147e-002;2,752e-002;2,523e-002;1,916e-002;2,542e-002;4,478e-002;5,824e-002;5,279e-002;4,022e-002
624;3,798e-002;2,623e-002;3,944e-002;2,910e-002;2,788e-002;2,797e-002;2,801e-002;2,811e-002;2,837e-002;2,876e-002;2,907e-002;5,209e-003;1,490e-003;7,347e-004;7,079e-004;4,107e-004;3,065e-004;4,303e-004;2,421e-004;2,505e-004;1,798e-002;6,273e-004;2,721e-004;8,486e-005;1,703e-002;2,734e-002;1,293e-002;2,127e-002;2,732e-002;2,512e-002;1,928e-002;2,506e-002;4,443e-002;5,797e-002;5,272e-002;4,058e-002
626;3,730e-002;2,580e-002;3,980e-002;2,977e-002;2,858e-002;2,869e-002;2,871e-002;2,881e-002;2,908e-002;2,946e-002;2,978e-002;5,286e-003;1,467e-003;7,162e-004;7,014e-004;3,994e-004;3,115e-004;4,126e-004;2,282e-004;2,475e-004;1,726e-002;6,130e-004;2,589e-004;7,748e-005;1,649e-002;2,799e-002;1,272e-002;2,105e-002;2,707e-002;2,496e-002;1,934e-002;2,469e-002;4,403e-002;5,759e-002;5,254e-002;4,081e-002
628;3,652e-002;2,529e-002;3,995e-002;3,025e-002;2,911e-002;2,922e-002;2,925e-002;2,933e-002;2,959e-002;2,997e-002;3,030e-002;5,318e-003;1,462e-003;7,019e-004;6,799e-004;3,968e-004;3,023e-004;4,078e-004;2,276e-004;2,418e-004;1,652e-002;5,905e-004;2,595e-004;6,773e-005;1,592e-002;2,846e-002;1,246e-002;2,073e-002;2,671e-002;2,469e-002;1,929e-002;2,421e-002;4,347e-002;5,700e-002;5,212e-002;4,082e-002
630;3,564e-002;2,473e-002;3,988e-002;3,057e-002;2,946e-002;2,955e-002;2,959e-002;2,967e-002;2,996e-002;3,032e-002;3,067e-002;5,318e-003;1,465e-003;6,802e-004;6,699e-004;3,758e-004;2,957e-004;4,043e-004;2,027e-004;2,245e-004;1,579e-002;5,705e-004;2,423e-004;6,004e-005;1,532e-002;2,877e-002;1,219e-002;2,036e-002;2,628e-002;2,433e-002;1,915e-002;2,368e-002;4,276e-002;5,622e-002;5,153e-002;4,068e-002
632;3,486e-002;2,422e-002;3,978e-002;3,073e-002;2,965e-002;2,974e-002;2,979e-002;2,987e-002;3,013e-002;3,051e-002;3,085e-002;5,330e-003;1,442e-003;6,481e-004;6,413e-004;3,603e-004;2,853e-004;3,894e-004;1,879e-004;2,041e-004;1,519e-002;5,522e-004;2,210e-004;5,598e-005;1,483e-002;2,893e-002;1,194e-002;2,001e-002;2,586e-002;2,399e-002;1,901e-002;2,320e-002;4,209e-002;5,546e-002;5,093e-002;4,046e-002
634;3,406e-002;2,369e-002;3,952e-002;3,077e-002;2,971e-002;2,982e-002;2,986e-002;2,994e-002;3,019e-002;3,054e-002;3,090e-002;5,296e-003;1,404e-003;6,296e-004;6,223e-004;3,383e-004;2,840e-004;3,841e-004;1,860e-004;2,068e-004;1,461e-002;5,245e-004;2,000e-004;6,184e-005;1,434e-002;2,896e-002;1,169e-002;1,964e-002;2,540e-002;2,361e-002;1,881e-002;2,271e-002;4,137e-002;5,463e-002;5,022e-002;4,013e-002
636;3,325e-002;2,313e-002;3,912e-002;3,066e-002;2,964e-002;2,975e-002;2,980e-002;2,987e-002;3,012e-002;3,048e-002;3,082e-002;5,239e-003;1,359e-003;6,072e-004;6,168e-004;3,308e-004;2,537e-004;3,681e-004;1,690e-004;2,150e-004;1,405e-002;5,009e-004;1,913e-004;5,497e-005;1,386e-002;2,889e-002;1,143e-002;1,924e-002;2,489e-002;2,318e-002;1,855e-002;2,219e-002;4,059e-002;5,369e-002;4,941e-002;3,969e-002
638;3,230e-002;2,248e-002;3,856e-002;3,045e-002;2,943e-002;2,956e-002;2,957e-002;2,963e-002;2,990e-002;3,024e-002;3,058e-002;5,183e-003;1,326e-003;5,662e-004;5,625e-004;3,433e-004;2,422e-004;3,562e-004;1,590e-004;2,157e-004;1,346e-002;4,746e-004;1,840e-004;4,020e-005;1,334e-002;2,866e-002;1,112e-002;1,875e-002;2,431e-002;2,267e-002;1,823e-002;2,158e-002;3,966e-002;5,254e-002;4,843e-002;3,907e-002
640;3,139e-002;2,187e-002;3,791e-002;3,005e-002;2,910e-002;2,923e-002;2,927e-002;2,931e-002;2,956e-002;2,991e-002;3,025e-002;5,072e-003;1,296e-003;5,585e-004;5,616e-004;3,292e-004;2,312e-004;3,256e-004;1,434e-004;2,147e-004;1,294e-002;4,500e-004;1,616e-004;3,365e-005;1,284e-002;2,832e-002;1,079e-002;1,827e-002;2,370e-002;2,214e-002;1,785e-002;2,097e-002;3,869e-002;5,132e-002;4,735e-002;3,835e-002
642;3,051e-002;2,126e-002;3,724e-002;2,966e-002;2,874e-002;2,887e-002;2,890e-002;2,895e-002;2,919e-002;2,952e-002;2,985e-002;4,993e-003;1,256e-003;5,216e-004;5,309e-004;2,940e-004;2,159e-004;3,317e-004;1,574e-004;2,003e-004;1,246e-002;4,316e-004;1,366e-004;3,726e-005;1,241e-002;2,794e-002;1,051e-002;1,782e-002;2,312e-002;2,161e-002;1,750e-002;2,044e-002;3,777e-002;5,018e-002;4,634e-002;3,765e-002
644;2,966e-002;2,068e-002;3,654e-002;2,918e-002;2,829e-002;2,841e-002;2,846e-002;2,851e-002;2,876e-002;2,904e-002;2,938e-002;4,896e-003;1,192e-003;4,839e-004;5,094e-004;2,730e-004;1,911e-004;3,165e-004;1,383e-004;1,791e-004;1,200e-002;4,187e-004;1,091e-004;2,099e-005;1,200e-002;2,752e-002;1,022e-002;1,734e-002;2,254e-002;2,107e-002;1,711e-002;1,987e-002;3,683e-002;4,901e-002;4,528e-002;3,689e-002
646;2,879e-002;2,006e-002;3,575e-002;2,864e-002;2,780e-002;2,791e-002;2,795e-002;2,798e-002;2,821e-002;2,853e-002;2,884e-002;4,786e-003;1,146e-003;4,428e-004;4,836e-004;2,377e-004;1,771e-004;2,976e-004;1,226e-004;1,846e-004;1,155e-002;3,881e-004;1,016e-004;1,814e-005;1,155e-002;2,700e-002;9,946e-003;1,687e-002;2,192e-002;2,051e-002;1,669e-002;1,930e-002;3,589e-002;4,778e-002;4,417e-002;3,608e-002
648;2,778e-002;1,936e-002;3,474e-002;2,796e-002;2,716e-002;2,725e-002;2,728e-002;2,733e-002;2,756e-002;2,782e-002;2,813e-002;4,654e-003;1,101e-003;4,377e-004;4,419e-004;2,299e-004;1,671e-004;2,570e-004;1,297e-004;1,555e-004;1,110e-002;3,649e-004;8,359e-005;1,225e-005;1,110e-002;2,635e-002;9,593e-003;1,631e-002;2,119e-002;1,987e-002;1,621e-002;1,864e-002;3,474e-002;4,629e-002;4,282e-002;3,505e-002
650;2,688e-002;1,876e-002;3,383e-002;2,728e-002;2,647e-002;2,656e-002;2,662e-002;2,666e-002;2,688e-002;2,715e-002;2,745e-002;4,532e-003;1,060e-003;4,023e-004;4,227e-004;2,232e-004;1,438e-004;2,260e-004;9,346e-005;1,550e-004;1,067e-002;3,301e-004;6,004e-005;3,685e-006;1,069e-002;2,570e-002;9,272e-003;1,581e-002;2,054e-002;1,926e-002;1,574e-002;1,803e-002;3,369e-002;4,493e-002;4,157e-002;3,409e-002
652;2,600e-002;1,814e-002;3,289e-002;2,656e-002;2,581e-002;2,591e-002;2,595e-002;2,600e-002;2,618e-002;2,645e-002;2,674e-002;4,382e-003;1,015e-003;3,751e-004;4,014e-004;1,957e-004;1,129e-004;2,030e-004;9,055e-005;1,176e-004;1,027e-002;3,117e-004;4,879e-005;5,377e-006;1,029e-002;2,504e-002;8,983e-003;1,530e-002;1,989e-002;1,867e-002;1,529e-002;1,745e-002;3,265e-002;4,362e-002;4,034e-002;3,313e-002
654;2,512e-002;1,753e-002;3,189e-002;2,581e-002;2,509e-002;2,519e-002;2,522e-002;2,530e-002;2,549e-002;2,571e-002;2,597e-002;4,236e-003;9,606e-004;3,560e-004;3,726e-004;1,733e-004;9,994e-005;1,822e-004;9,381e-005;9,456e-005;9,885e-003;2,829e-004;2,426e-005;7,658e-007;9,895e-003;2,434e-002;8,689e-003;1,480e-002;1,924e-002;1,806e-002;1,483e-002;1,687e-002;3,162e-002;4,226e-002;3,910e-002;3,215e-002
656;2,425e-002;1,691e-002;3,089e-002;2,501e-002;2,433e-002;2,444e-002;2,446e-002;2,455e-002;2,471e-002;2,494e-002;2,520e-002;4,074e-003;9,251e-004;2,996e-004;3,317e-004;1,502e-004;8,348e-005;1,519e-004;8,895e-005;9,263e-005;9,492e-003;2,707e-004;8,480e-006;7,535e-007;9,503e-003;2,359e-002;8,370e-003;1,429e-002;1,857e-002;1,743e-002;1,432e-002;1,627e-002;3,054e-002;4,084e-002;3,780e-002;3,110e-002
658;2,322e-002;1,621e-002;2,975e-002;2,409e-002;2,345e-002;2,352e-002;2,359e-002;2,362e-002;2,381e-002;2,403e-002;2,425e-002;3,914e-003;8,775e-004;2,796e-004;3,135e-004;1,060e-004;7,831e-005;9,442e-005;5,945e-005;7,445e-005;9,050e-003;2,209e-004;4,915e-026;4,915e-026;9,090e-003;2,271e-002;8,020e-003;1,372e-002;1,781e-002;1,673e-002;1,377e-002;1,558e-002;2,933e-002;3,926e-002;3,635e-002;2,994e-002
660;2,238e-002;1,560e-002;2,869e-002;2,331e-002;2,269e-002;2,276e-002;2,282e-002;2,283e-002;2,302e-002;2,320e-002;2,345e-002;3,759e-003;8,481e-004;2,413e-004;2,700e-004;7,448e-005;4,629e-005;1,315e-004;5,462e-005;5,809e-005;8,712e-003;1,954e-004;5,003e-026;3,187e-007;8,727e-003;2,196e-002;7,732e-003;1,320e-002;1,717e-002;1,614e-002;1,329e-002;1,501e-002;2,829e-002;3,789e-002;3,508e-002;2,890e-002
662;2,154e-002;1,500e-002;2,766e-002;2,250e-002;2,191e-002;2,197e-002;2,203e-002;2,208e-002;2,221e-002;2,238e-002;2,263e-002;3,604e-003;7,879e-004;2,239e-004;2,576e-004;7,634e-005;2,144e-005;8,720e-005;4,994e-005;3,166e-005;8,373e-003;1,663e-004;5,094e-026;8,252e-007;8,376e-003;2,119e-002;7,417e-003;1,272e-002;1,653e-002;1,553e-002;1,280e-002;1,445e-002;2,724e-002;3,652e-002;3,381e-002;2,785e-002
664;2,068e-002;1,444e-002;2,662e-002;2,165e-002;2,109e-002;2,115e-002;2,120e-002;2,126e-002;2,138e-002;2,157e-002;2,176e-002;3,414e-003;7,406e-004;1,949e-004;2,349e-004;5,934e-005;5,184e-026;5,333e-005;1,295e-005;2,389e-005;8,028e-003;1,359e-004;5,184e-026;2,072e-007;8,032e-003;2,042e-002;7,110e-003;1,222e-002;1,589e-002;1,494e-002;1,232e-002;1,387e-002;2,621e-002;3,514e-002;3,253e-002;2,681e-002
666;1,974e-002;1,376e-002;2,546e-002;2,074e-002;2,017e-002;2,021e-002;2,032e-002;2,035e-002;2,049e-002;2,065e-002;2,084e-002;3,237e-003;7,235e-004;2,024e-004;1,835e-004;3,705e-005;5,280e-026;3,509e-005;1,542e-005;1,606e-005;7,671e-003;9,629e-005;5,280e-026;5,280e-026;7,656e-003;1,954e-002;6,779e-003;1,167e-002;1,518e-002;1,427e-002;1,178e-002;1,325e-002;2,506e-002;3,364e-002;3,114e-002;2,565e-002
668;1,891e-002;1,317e-002;2,438e-002;1,981e-002;1,936e-002;1,936e-002;1,946e-002;1,950e-002;1,963e-002;1,976e-002;1,993e-002;3,058e-003;6,599e-004;1,333e-004;1,925e-004;5,377e-026;5,377e-026;5,377e-026;5,377e-026;5,377e-026;7,328e-003;6,857e-005;5,377e-026;5,377e-026;7,317e-003;1,872e-002;6,480e-003;1,117e-002;1,452e-002;1,366e-002;1,125e-002;1,266e-002;2,398e-002;3,222e-002;2,980e-002;2,454e-002
670;1,810e-002;1,264e-002;2,341e-002;1,900e-002;1,855e-002;1,860e-002;1,865e-002;1,870e-002;1,880e-002;1,896e-002;1,910e-002;2,943e-003;5,847e-004;9,127e-005;1,440e-004;5,474e-026;5,474e-026;5,474e-026;5,474e-026;5,474e-026;7,046e-003;4,269e-005;5,474e-026;5,474e-026;7,006e-003;1,795e-002;6,205e-003;1,070e-002;1,392e-002;1,306e-002;1,077e-002;1,213e-002;2,302e-002;3,090e-002;2,859e-002;2,353e-002
672;1,731e-002;1,207e-002;2,240e-002;1,822e-002;1,773e-002;1,779e-002;1,785e-002;1,790e-002;1,799e-002;1,814e-002;1,826e-002;2,783e-003;5,407e-004;4,489e-005;1,257e-004;5,570e-026;5,570e-026;5,570e-026;5,570e-026;5,570e-026;6,741e-003;1,262e-005;5,570e-026;5,570e-026;6,700e-003;1,718e-002;5,916e-003;1,023e-002;1,332e-002;1,250e-002;1,029e-002;1,159e-002;2,203e-002;2,961e-002;2,737e-002;2,253e-002
674;1,655e-002;1,151e-002;2,139e-002;1,743e-002;1,693e-002;1,697e-002;1,704e-002;1,706e-002;1,719e-002;1,731e-002;1,744e-002;2,629e-003;5,162e-004;5,454e-005;8,573e-005;5,667e-026;5,667e-026;5,667e-026;5,667e-026;5,667e-026;6,440e-003;2,075e-007;5,667e-026;5,667e-026;6,396e-003;1,637e-002;5,632e-003;9,755e-003;1,269e-002;1,192e-002;9,815e-003;1,106e-002;2,104e-002;2,826e-002;2,613e-002;2,151e-002
676;1,569e-002;1,088e-002;2,027e-002;1,645e-002;1,607e-002;1,607e-002;1,617e-002;1,621e-002;1,629e-002;1,637e-002;1,652e-002;2,434e-003;4,340e-004;5,777e-026;7,106e-005;5,777e-026;5,777e-026;5,777e-026;5,777e-026;5,777e-026;6,117e-003;5,777e-026;5,777e-026;5,777e-026;6,050e-003;1,553e-002;5,330e-003;9,238e-003;1,205e-002;1,130e-002;9,297e-003;1,049e-002;1,993e-002;2,684e-002;2,480e-002;2,038e-002
678;1,497e-002;1,040e-002;1,929e-002;1,572e-002;1,535e-002;1,534e-002;1,540e-002;1,546e-002;1,549e-002;1,558e-002;1,570e-002;2,283e-003;3,907e-004;5,881e-026;4,689e-005;5,881e-026;5,881e-026;5,881e-026;5,881e-026;5,881e-026;5,840e-003;5,881e-026;5,881e-026;5,881e-026;5,771e-003;1,479e-002;5,080e-003;8,829e-003;1,148e-002;1,076e-002;8,861e-003;9,997e-003;1,905e-002;2,565e-002;2,367e-002;1,945e-002
680;1,429e-002;9,898e-003;1,840e-002;1,498e-002;1,462e-002;1,461e-002;1,469e-002;1,473e-002;1,479e-002;1,490e-002;1,493e-002;2,120e-003;3,585e-004;5,993e-026;2,698e-005;5,993e-026;5,993e-026;5,993e-026;5,993e-026;5,993e-026;5,588e-003;5,993e-026;5,993e-026;5,993e-026;5,511e-003;1,410e-002;4,814e-003;8,410e-003;1,095e-002;1,026e-002;8,450e-003;9,536e-003;1,818e-002;2,448e-002;2,261e-002;1,854e-002
682;1,363e-002;9,430e-003;1,749e-002;1,425e-002;1,392e-002;1,386e-002;1,394e-002;1,400e-002;1,408e-002;1,419e-002;1,417e-002;1,968e-003;2,831e-004;6,107e-026;1,900e-005;6,107e-026;6,107e-026;6,107e-026;6,107e-026;6,107e-026;5,364e-003;6,107e-026;6,107e-026;6,107e-026;5,238e-003;1,340e-002;4,556e-003;7,989e-003;1,041e-002;9,751e-003;8,002e-003;9,058e-003;1,732e-002;2,332e-002;2,153e-002;1,763e-002
684;1,290e-002;8,922e-003;1,655e-002;1,347e-002;1,311e-002;1,307e-002;1,317e-002;1,323e-002;1,331e-002;1,332e-002;1,336e-002;1,821e-003;2,260e-004;6,236e-026;9,038e-006;6,236e-026;6,236e-026;6,236e-026;6,236e-026;6,236e-026;5,066e-003;6,236e-026;6,236e-026;6,236e-026;4,976e-003;1,263e-002;4,274e-003;7,558e-003;9,846e-003;9,237e-003;7,564e-003;8,524e-003;1,640e-002;2,209e-002;2,037e-002;1,664e-002
686;1,224e-002;8,491e-003;1,568e-002;1,274e-002;1,238e-002;1,240e-002;1,246e-002;1,252e-002;1,259e-002;1,261e-002;1,260e-002;1,692e-003;1,535e-004;6,362e-026;6,362e-026;6,362e-026;6,362e-026;6,362e-026;6,362e-026;6,362e-026;4,833e-003;6,362e-026;6,362e-026;6,362e-026;4,721e-003;1,194e-002;4,042e-003;7,157e-003;9,349e-003;8,755e-003;7,167e-003;8,088e-003;1,555e-002;2,098e-002;1,933e-002;1,576e-002
688;1,163e-002;8,046e-003;1,488e-002;1,210e-002;1,178e-002;1,174e-002;1,180e-002;1,186e-002;1,193e-002;1,193e-002;1,191e-002;1,558e-003;9,962e-005;6,493e-026;6,493e-026;6,493e-026;6,493e-026;6,493e-026;6,493e-026;6,493e-026;4,601e-003;6,493e-026;6,493e-026;6,493e-026;4,491e-003;1,134e-002;3,823e-003;6,796e-003;8,872e-003;8,330e-003;6,779e-003;7,674e-003;1,478e-002;1,997e-002;1,838e-002;1,499e-002
690;1,104e-002;7,635e-003;1,411e-002;1,143e-002;1,113e-002;1,112e-002;1,121e-002;1,122e-002;1,130e-002;1,130e-002;1,125e-002;1,401e-003;7,488e-005;6,629e-026;6,629e-026;6,629e-026;6,629e-026;6,629e-026;6,629e-026;6,629e-026;4,416e-003;6,629e-026;6,629e-026;6,629e-026;4,281e-003;1,072e-002;3,607e-003;6,455e-003;8,425e-003;7,903e-003;6,429e-003;7,257e-003;1,404e-002;1,898e-002;1,746e-002;1,421e-002
692;1,046e-002;7,235e-003;1,332e-002;1,079e-002;1,046e-002;1,044e-002;1,055e-002;1,059e-002;1,060e-002;1,069e-002;1,054e-002;1,257e-003;2,645e-005;6,779e-026;6,779e-026;6,779e-026;6,779e-026;6,779e-026;6,779e-026;6,779e-026;4,172e-003;6,779e-026;6,779e-026;6,779e-026;4,052e-003;1,009e-002;3,406e-003;6,121e-003;7,974e-003;7,436e-003;6,037e-003;6,855e-003;1,328e-002;1,791e-002;1,650e-002;1,342e-002
694;9,858e-003;6,792e-003;1,255e-002;1,015e-002;9,858e-003;9,882e-003;9,906e-003;9,962e-003;1,001e-002;1,000e-002;9,872e-003;1,109e-003;6,937e-026;6,937e-026;6,937e-026;6,937e-026;6,937e-026;6,937e-026;6,937e-026;6,937e-026;3,934e-003;6,937e-026;6,937e-026;6,937e-026;3,840e-003;9,487e-003;3,175e-003;5,753e-003;7,530e-003;7,023e-003;5,686e-003;6,423e-003;1,252e-002;1,693e-002;1,558e-002;1,262e-002
696;9,346e-003;6,412e-003;1,189e-002;9,611e-003;9,302e-003;9,251e-003;9,339e-003;9,386e-003;9,458e-003;9,410e-003;9,278e-003;9,820e-004;7,086e-026;7,086e-026;7,086e-026;7,086e-026;7,086e-026;7,086e-026;7,086e-026;7,086e-026;3,772e-003;7,086e-026;7,086e-026;7,086e-026;3,638e-003;8,936e-003;2,973e-003;5,437e-003;7,131e-003;6,669e-003;5,367e-003;6,058e-003;1,183e-002;1,606e-002;1,476e-002;1,196e-002
698;8,838e-003;6,086e-003;1,122e-002;9,083e-003;8,765e-003;8,733e-003;8,819e-003;8,843e-003;8,933e-003;8,864e-003;8,690e-003;8,914e-004;7,241e-026;7,241e-026;7,241e-026;7,241e-026;7,241e-026;7,241e-026;7,241e-026;7,241e-026;3,587e-003;7,241e-026;7,241e-026;7,241e-026;3,469e-003;8,413e-003;2,788e-003;5,168e-003;6,764e-003;6,310e-003;5,054e-003;5,722e-003;1,122e-002;1,520e-002;1,397e-002;1,130e-002
700;8,350e-003;5,742e-003;1,057e-002;8,553e-003;8,281e-003;8,252e-003;8,310e-003;8,315e-003;8,410e-003;8,336e-003;8,145e-003;7,639e-004;7,409e-026;7,409e-026;7,409e-026;7,409e-026;7,409e-026;7,409e-026;7,409e-026;7,409e-026;3,413e-003;7,409e-026;7,409e-026;7,409e-026;3,277e-003;7,927e-003;2,640e-003;4,888e-003;6,397e-003;5,949e-003;4,751e-003;5,370e-003;1,061e-002;1,437e-002;1,320e-002;1,065e-002
702;7,886e-003;5,413e-003;9,886e-003;7,994e-003;7,696e-003;7,699e-003;7,757e-003;7,763e-003;7,847e-003;7,779e-003;7,560e-003;6,545e-004;7,593e-026;7,593e-026;7,593e-026;7,593e-026;7,593e-026;7,593e-026;7,593e-026;7,593e-026;3,213e-003;7,593e-026;7,593e-026;7,593e-026;3,081e-003;7,378e-003;2,416e-003;4,567e-003;6,009e-003;5,571e-003;4,427e-003;5,010e-003;9,949e-003;1,353e-002;1,239e-002;9,989e-003
704;7,427e-003;5,102e-003;9,362e-003;7,562e-003;7,248e-003;7,246e-003;7,286e-003;7,311e-003;7,369e-003;7,335e-003;7,046e-003;5,301e-004;7,759e-026;7,759e-026;7,759e-026;7,759e-026;7,759e-026;7,759e-026;7,759e-026;7,759e-026;3,028e-003;7,759e-026;7,759e-026;7,759e-026;2,924e-003;6,967e-003;2,265e-003;4,294e-003;5,664e-003;5,280e-003;4,185e-003;4,695e-003;9,418e-003;1,279e-002;1,172e-002;9,426e-003
706;7,066e-003;4,827e-003;8,799e-003;7,141e-003;6,825e-003;6,847e-003;6,830e-003;6,889e-003;6,949e-003;6,858e-003;6,647e-003;4,293e-004;7,939e-026;7,939e-026;7,939e-026;7,939e-026;7,939e-026;7,939e-026;7,939e-026;7,939e-026;2,886e-003;7,939e-026;7,939e-026;7,939e-026;2,774e-003;6,541e-003;2,085e-003;4,073e-003;5,375e-003;4,976e-003;3,922e-003;4,407e-003;8,908e-003;1,211e-002;1,107e-002;8,887e-003
708;6,646e-003;4,577e-003;8,294e-003;6,655e-003;6,376e-003;6,434e-003;6,424e-003;6,468e-003;6,539e-003;6,433e-003;6,178e-003;3,068e-004;8,128e-026;8,128e-026;8,128e-026;8,128e-026;8,128e-026;8,128e-026;8,128e-026;8,128e-026;2,761e-003;8,128e-026;8,128e-026;8,128e-026;2,617e-003;6,148e-003;1,977e-003;3,836e-003;5,063e-003;4,727e-003;3,699e-003;4,124e-003;8,393e-003;1,143e-002;1,045e-002;8,355e-003
710;6,253e-003;4,250e-003;7,722e-003;6,198e-003;5,924e-003;5,968e-003;5,962e-003;6,015e-003;6,106e-003;5,940e-003;5,696e-003;2,031e-004;8,344e-026;8,344e-026;8,344e-026;8,344e-026;8,344e-026;8,344e-026;8,344e-026;8,344e-026;2,560e-003;8,344e-026;8,344e-026;8,344e-026;2,428e-003;5,702e-003;1,782e-003;3,567e-003;4,744e-003;4,399e-003;3,434e-003;3,812e-003;7,852e-003;1,068e-002;9,777e-003;7,819e-003
712;5,858e-003;4,037e-003;7,263e-003;5,868e-003;5,569e-003;5,602e-003;5,625e-003;5,682e-003;5,690e-003;5,539e-003;5,264e-003;1,211e-004;8,559e-026;8,559e-026;8,559e-026;8,559e-026;8,559e-026;8,559e-026;8,559e-026;8,559e-026;2,428e-003;8,559e-026;8,559e-026;8,559e-026;2,302e-003;5,347e-003;1,684e-003;3,365e-003;4,500e-003;4,155e-003;3,249e-003;3,580e-003;7,412e-003;1,012e-002;9,226e-003;7,380e-003
714;5,555e-003;3,812e-003;6,793e-003;5,519e-003;5,279e-003;5,319e-003;5,275e-003;5,305e-003;5,341e-003;5,214e-003;4,901e-003;5,036e-005;8,785e-026;8,785e-026;8,785e-026;8,785e-026;8,785e-026;8,785e-026;8,785e-026;8,785e-026;2,280e-003;8,785e-026;8,785e-026;8,785e-026;2,188e-003;5,026e-003;1,570e-003;3,169e-003;4,230e-003;3,929e-003;3,045e-003;3,344e-003;6,973e-003;9,587e-003;8,703e-003;6,933e-003
716;5,238e-003;3,544e-003;6,435e-003;5,157e-003;4,963e-003;4,996e-003;4,938e-003;4,976e-003;5,048e-003;4,872e-003;4,557e-003;9,016e-026;9,016e-026;9,016e-026;9,016e-026;9,016e-026;9,016e-026;9,016e-026;9,016e-026;9,016e-026;2,154e-003;9,016e-026;9,016e-026;9,016e-026;2,067e-003;4,726e-003;1,454e-003;2,959e-003;3,992e-003;3,694e-003;2,835e-003;3,098e-003;6,579e-003;9,025e-003;8,211e-003;6,529e-003
718;4,943e-003;3,396e-003;6,001e-003;4,850e-003;4,627e-003;4,670e-003;4,589e-003;4,629e-003;4,666e-003;4,530e-003;4,173e-003;9,295e-026;9,295e-026;9,295e-026;9,295e-026;9,295e-026;9,295e-026;9,295e-026;9,295e-026;9,295e-026;2,023e-003;9,295e-026;9,295e-026;9,295e-026;1,946e-003;4,368e-003;1,294e-003;2,753e-003;3,695e-003;3,457e-003;2,630e-003;2,832e-003;6,139e-003;8,457e-003;7,668e-003;6,119e-003
720;4,617e-003;3,177e-003;5,604e-003;4,535e-003;4,320e-003;4,324e-003;4,302e-003;4,298e-003;4,320e-003;4,197e-003;3,855e-003;9,557e-026;9,557e-026;9,557e-026;9,557e-026;9,557e-026;9,557e-026;9,557e-026;9,557e-026;9,557e-026;1,933e-003;9,557e-026;9,557e-026;9,557e-026;1,843e-003;4,074e-003;1,183e-003;2,562e-003;3,501e-003;3,243e-003;2,493e-003;2,609e-003;5,782e-003;7,989e-003;7,231e-003;5,719e-003
722;4,373e-003;3,009e-003;5,228e-003;4,281e-003;4,039e-003;4,064e-003;4,065e-003;4,053e-003;4,056e-003;3,877e-003;3,539e-003;9,840e-026;9,840e-026;9,840e-026;9,840e-026;9,840e-026;9,840e-026;9,840e-026;9,840e-026;9,840e-026;1,828e-003;9,840e-026;9,840e-026;9,840e-026;1,734e-003;3,805e-003;1,094e-003;2,415e-003;3,301e-003;3,068e-003;2,336e-003;2,420e-003;5,450e-003;7,529e-003;6,820e-003;5,374e-003
724;4,047e-003;2,830e-003;5,009e-003;3,969e-003;3,777e-003;3,873e-003;3,768e-003;3,794e-003;3,779e-003;3,606e-003;3,276e-003;1,013e-025;1,013e-025;1,013e-025;1,013e-025;1,013e-025;1,013e-025;1,013e-025;1,013e-025;1,013e-025;1,704e-003;1,013e-025;1,013e-025;1,013e-025;1,630e-003;3,568e-003;1,029e-003;2,274e-003;3,078e-003;2,880e-003;2,183e-003;2,190e-003;5,099e-003;7,119e-003;6,399e-003;5,090e-003
726;3,791e-003;2,669e-003;4,565e-003;3,631e-003;3,552e-003;3,581e-003;3,464e-003;3,497e-003;3,437e-003;3,314e-003;2,984e-003;1,047e-025;1,047e-025;1,047e-025;1,047e-025;1,047e-025;1,047e-025;1,047e-025;1,047e-025;1,047e-025;1,563e-003;1,047e-025;1,047e-025;1,047e-025;1,562e-003;3,329e-003;8,909e-004;2,104e-003;2,852e-003;2,665e-003;2,060e-003;1,997e-003;4,794e-003;6,647e-003;5,971e-003;4,734e-003
728;3,546e-003;2,458e-003;4,282e-003;3,411e-003;3,327e-003;3,362e-003;3,266e-003;3,248e-003;3,160e-003;3,066e-003;2,701e-003;1,080e-025;1,080e-025;1,080e-025;1,080e-025;1,080e-025;1,080e-025;1,080e-025;1,080e-025;1,080e-025;1,435e-003;1,080e-025;1,080e-025;1,080e-025;1,425e-003;3,061e-003;7,950e-004;1,961e-003;2,710e-003;2,538e-003;1,941e-003;1,781e-003;4,494e-003;6,232e-003;5,608e-003;4,392e-003
730;3,349e-003;2,313e-003;4,007e-003;3,139e-003;3,155e-003;3,073e-003;3,054e-003;3,056e-003;2,987e-003;2,810e-003;2,414e-003;1,113e-025;1,113e-025;1,113e-025;1,113e-025;1,113e-025;1,113e-025;1,113e-025;1,113e-025;1,113e-025;1,363e-003;1,113e-025;1,113e-025;1,113e-025;1,326e-003;2,874e-003;7,297e-004;1,828e-003;2,538e-003;2,401e-003;1,800e-003;1,637e-003;4,228e-003;5,868e-003;5,285e-003;4,117e-003
732;3,067e-003;2,162e-003;3,762e-003;2,957e-003;2,948e-003;2,861e-003;2,829e-003;2,801e-003;2,755e-003;2,616e-003;2,162e-003;1,147e-025;1,147e-025;1,147e-025;1,147e-025;1,147e-025;1,147e-025;1,147e-025;1,147e-025;1,147e-025;1,254e-003;1,147e-025;1,147e-025;1,147e-025;1,244e-003;2,653e-003;6,198e-004;1,721e-003;2,374e-003;2,187e-003;1,675e-003;1,515e-003;3,949e-003;5,513e-003;4,955e-003;3,898e-003
734;2,841e-003;2,043e-003;3,489e-003;2,681e-003;2,745e-003;2,702e-003;2,625e-003;2,597e-003;2,464e-003;2,320e-003;1,969e-003;1,189e-025;1,189e-025;1,189e-025;1,189e-025;1,189e-025;1,189e-025;1,189e-025;1,189e-025;1,189e-025;1,151e-003;1,189e-025;1,189e-025;1,189e-025;1,153e-003;2,493e-003;5,815e-004;1,507e-003;2,155e-003;2,058e-003;1,570e-003;1,293e-003;3,635e-003;5,122e-003;4,636e-003;3,594e-003
736;2,646e-003;1,909e-003;3,248e-003;2,597e-003;2,522e-003;2,522e-003;2,490e-003;2,504e-003;2,262e-003;2,166e-003;1,743e-003;1,228e-025;1,228e-025;1,228e-025;1,228e-025;1,228e-025;1,228e-025;1,228e-025;1,228e-025;1,228e-025;1,051e-003;1,228e-025;1,228e-025;1,228e-025;1,039e-003;2,283e-003;4,899e-004;1,392e-003;2,024e-003;1,924e-003;1,489e-003;1,101e-003;3,418e-003;4,794e-003;4,359e-003;3,323e-003
738;2,453e-003;1,791e-003;3,022e-003;2,392e-003;2,331e-003;2,302e-003;2,237e-003;2,334e-003;2,015e-003;1,976e-003;1,496e-003;1,271e-025;1,271e-025;1,271e-025;1,271e-025;1,271e-025;1,271e-025;1,271e-025;1,271e-025;1,271e-025;9,790e-004;1,271e-025;1,271e-025;1,271e-025;9,865e-004;2,157e-003;3,815e-004;1,289e-003;1,895e-003;1,792e-003;1,404e-003;9,709e-004;3,189e-003;4,488e-003;4,114e-003;3,086e-003
740;2,265e-003;1,694e-003;2,851e-003;2,087e-003;2,240e-003;2,137e-003;2,120e-003;2,168e-003;1,922e-003;1,828e-003;1,273e-003;1,315e-025;1,315e-025;1,315e-025;1,315e-025;1,315e-025;1,315e-025;1,315e-025;1,315e-025;1,315e-025;8,637e-004;1,315e-025;1,315e-025;1,315e-025;9,248e-004;1,990e-003;3,456e-004;1,230e-003;1,770e-003;1,674e-003;1,315e-003;8,106e-004;2,979e-003;4,243e-003;3,805e-003;2,915e-003
742;2,102e-003;1,616e-003;2,666e-003;1,967e-003;2,089e-003;1,959e-003;1,884e-003;2,011e-003;1,642e-003;1,521e-003;1,151e-003;1,369e-025;1,369e-025;1,369e-025;1,369e-025;1,369e-025;1,369e-025;1,369e-025;1,369e-025;1,369e-025;7,270e-004;1,369e-025;1,369e-025;1,369e-025;8,531e-004;1,831e-003;2,647e-004;1,100e-003;1,608e-003;1,518e-003;1,174e-003;6,546e-004;2,678e-003;3,937e-003;3,556e-003;2,728e-003
744;2,030e-003;1,540e-003;2,440e-003;1,811e-003;1,890e-003;1,821e-003;1,788e-003;1,834e-003;1,533e-003;1,407e-003;8,953e-004;1,420e-025;1,420e-025;1,420e-025;1,420e-025;1,420e-025;1,420e-025;1,420e-025;1,420e-025;1,420e-025;6,471e-004;1,420e-025;1,420e-025;1,420e-025;8,011e-004;1,697e-003;2,297e-004;9,487e-004;1,511e-003;1,444e-003;1,128e-003;5,064e-004;2,509e-003;3,668e-003;3,301e-003;2,561e-003
746;1,848e-003;1,349e-003;2,312e-003;1,689e-003;1,758e-003;1,708e-003;1,666e-003;1,722e-003;1,370e-003;1,222e-003;7,117e-004;1,474e-025;1,474e-025;1,474e-025;1,474e-025;1,474e-025;1,474e-025;1,474e-025;1,474e-025;1,474e-025;5,906e-004;1,474e-025;1,474e-025;1,474e-025;7,704e-004;1,671e-003;2,221e-004;9,236e-004;1,394e-003;1,339e-003;1,046e-003;3,943e-004;2,339e-003;3,395e-003;3,106e-003;2,364e-003
748;1,657e-003;1,323e-003;2,119e-003;1,530e-003;1,653e-003;1,563e-003;1,626e-003;1,667e-003;1,291e-003;9,925e-004;6,047e-004;1,531e-025;1,531e-025;1,531e-025;1,531e-025;1,531e-025;1,531e-025;1,531e-025;1,531e-025;1,531e-025;5,223e-004;1,531e-025;1,531e-025;1,531e-025;6,842e-004;1,483e-003;1,395e-004;7,715e-004;1,261e-003;1,231e-003;1,018e-003;2,252e-004;2,104e-003;3,201e-003;2,919e-003;2,179e-003
750;1,508e-003;1,158e-003;2,027e-003;1,435e-003;1,563e-003;1,437e-003;1,495e-003;1,444e-003;1,132e-003;9,741e-004;3,396e-004;1,602e-025;1,602e-025;1,602e-025;1,602e-025;1,602e-025;1,602e-025;1,602e-025;1,602e-025;1,602e-025;3,963e-004;1,602e-025;1,602e-025;1,602e-025;6,062e-004;1,385e-003;3,317e-005;7,178e-004;1,160e-003;1,093e-003;9,410e-004;1,253e-004;1,982e-003;2,943e-003;2,743e-003;2,051e-003
752;1,350e-003;1,077e-003;1,858e-003;1,342e-003;1,407e-003;1,330e-003;1,423e-003;1,349e-003;9,970e-004;8,418e-004;1,831e-004;1,672e-025;1,672e-025;1,672e-025;1,672e-025;1,672e-025;1,672e-025;1,672e-025;1,672e-025;1,672e-025;3,177e-004;1,672e-025;1,672e-025;1,672e-025;5,912e-004;1,249e-003;2,810e-005;6,746e-004;1,047e-003;9,972e-004;8,800e-004;5,295e-006;1,757e-003;2,758e-003;2,570e-003;1,903e-003
754;1,315e-003;9,458e-004;1,773e-003;1,106e-003;1,312e-003;1,242e-003;1,233e-003;1,250e-003;8,515e-004;7,319e-004;4,633e-005;1,746e-025;1,746e-025;1,746e-025;1,746e-025;1,746e-025;1,746e-025;1,746e-025;1,746e-025;1,746e-025;2,474e-004;1,746e-025;1,746e-025;1,746e-025;5,012e-004;1,200e-003;1,746e-025;5,991e-004;9,788e-004;8,940e-004;7,934e-004;1,746e-025;1,583e-003;2,565e-003;2,443e-003;1,778e-003
756;1,156e-003;9,775e-004;1,748e-003;1,046e-003;1,154e-003;1,157e-003;1,146e-003;1,075e-003;7,377e-004;6,322e-004;1,829e-025;1,829e-025;1,829e-025;1,829e-025;1,829e-025;1,829e-025;1,829e-025;1,829e-025;1,829e-025;1,829e-025;1,560e-004;1,829e-025;1,829e-025;1,829e-025;4,608e-004;1,070e-003;1,829e-025;5,314e-004;9,134e-004;8,247e-004;7,462e-004;1,829e-025;1,507e-003;2,415e-003;2,229e-003;1,689e-003
758;1,136e-003;9,372e-004;1,525e-003;8,605e-004;1,173e-003;1,020e-003;1,134e-003;1,100e-003;7,131e-004;5,106e-004;1,928e-025;1,928e-025;1,928e-025;1,928e-025;1,928e-025;1,928e-025;1,928e-025;1,928e-025;1,928e-025;1,928e-025;1,224e-004;1,928e-025;1,928e-025;1,928e-025;4,956e-004;1,005e-003;1,928e-025;4,750e-004;8,789e-004;7,143e-004;6,268e-004;1,928e-025;1,324e-003;2,128e-003;2,013e-003;1,542e-003
760;9,536e-004;8,136e-004;1,412e-003;8,908e-004;1,065e-003;1,036e-003;9,711e-004;1,045e-003;6,275e-004;3,597e-004;2,022e-025;2,022e-025;2,022e-025;2,022e-025;2,022e-025;2,022e-025;2,022e-025;2,022e-025;2,022e-025;2,022e-025;6,161e-005;2,022e-025;2,022e-025;2,022e-025;4,351e-004;9,161e-004;2,022e-025;4,091e-004;7,903e-004;6,133e-004;6,348e-004;2,022e-025;1,219e-003;1,940e-003;1,897e-003;1,405e-003
762;9,125e-004;6,708e-004;1,290e-003;6,925e-004;9,818e-004;9,125e-004;7,987e-004;9,728e-004;4,987e-004;3,716e-004;2,123e-025;2,123e-025;2,123e-025;2,123e-025;2,123e-025;2,123e-025;2,123e-025;2,123e-025;2,123e-025;2,123e-025;1,715e-005;2,123e-025;2,123e-025;2,123e-025;3,718e-004;7,923e-004;2,123e-025;3,801e-004;7,039e-004;5,118e-004;5,677e-004;2,123e-025;1,055e-003;1,822e-003;1,777e-003;1,202e-003
764;8,325e-004;5,724e-004;1,237e-003;5,952e-004;8,831e-004;8,291e-004;8,354e-004;9,488e-004;3,627e-004;2,197e-004;2,237e-025;2,237e-025;2,237e-025;2,237e-025;2,237e-025;2,237e-025;2,237e-025;2,237e-025;2,237e-025;2,237e-025;2,539e-006;2,237e-025;2,237e-025;2,237e-025;3,086e-004;7,435e-004;2,237e-025;4,026e-004;5,526e-004;5,374e-004;5,523e-004;2,237e-025;8,594e-004;1,703e-003;1,625e-003;1,137e-003
766;7,517e-004;5,206e-004;1,190e-003;5,115e-004;7,247e-004;6,870e-004;7,577e-004;6,878e-004;3,009e-004;1,115e-004;2,366e-025;2,366e-025;2,366e-025;2,366e-025;2,366e-025;2,366e-025;2,366e-025;2,366e-025;2,366e-025;2,366e-025;2,366e-025;2,366e-025;2,366e-025;2,366e-025;3,018e-004;6,111e-004;2,366e-025;2,904e-004;5,840e-004;4,658e-004;4,201e-004;2,366e-025;7,498e-004;1,578e-003;1,508e-003;1,043e-003
768;7,234e-004;5,110e-004;9,473e-004;4,609e-004;7,035e-004;6,006e-004;5,401e-004;7,902e-004;2,738e-004;2,494e-025;2,494e-025;2,494e-025;2,494e-025;2,494e-025;2,494e-025;2,494e-025;2,494e-025;2,494e-025;2,494e-025;2,494e-025;2,494e-025;2,494e-025;2,494e-025;2,494e-025;2,285e-004;5,243e-004;2,494e-025;2,391e-004;4,287e-004;3,532e-004;3,881e-004;2,494e-025;5,865e-004;1,369e-003;1,377e-003;9,368e-004
770;5,370e-004;4,219e-004;8,638e-004;4,039e-004;6,043e-004;5,285e-004;4,660e-004;6,587e-004;2,406e-004;2,631e-025;2,631e-025;2,631e-025;2,631e-025;2,631e-025;2,631e-025;2,631e-025;2,631e-025;2,631e-025;2,631e-025;2,631e-025;2,631e-025;2,631e-025;2,631e-025;2,631e-025;2,411e-004;5,213e-004;2,631e-025;1,432e-004;4,226e-004;4,149e-004;3,138e-004;2,631e-025;5,550e-004;1,248e-003;1,282e-003;7,816e-004
772;4,921e-004;2,298e-004;7,054e-004;3,015e-004;6,032e-004;5,556e-004;2,401e-004;4,794e-004;6,243e-005;2,792e-025;2,792e-025;2,792e-025;2,792e-025;2,792e-025;2,792e-025;2,792e-025;2,792e-025;2,792e-025;2,792e-025;2,792e-025;2,792e-025;2,792e-025;2,792e-025;2,792e-025;9,115e-005;3,549e-004;2,792e-025;8,876e-005;4,177e-004;2,934e-004;3,413e-004;2,792e-025;3,824e-004;1,080e-003;1,169e-003;7,041e-004
774;4,222e-004;3,773e-004;6,799e-004;2,898e-004;3,005e-004;2,918e-004;2,576e-004;4,636e-004;4,752e-005;2,963e-025;2,963e-025;2,963e-025;2,963e-025;2,963e-025;2,963e-025;2,963e-025;2,963e-025;2,963e-025;2,963e-025;2,963e-025;2,963e-025;2,963e-025;2,963e-025;2,963e-025;1,217e-004;2,719e-004;2,963e-025;1,581e-005;3,267e-004;1,575e-004;2,179e-004;2,963e-025;2,706e-004;1,027e-003;1,010e-003;5,847e-004
776;3,534e-004;2,091e-004;6,327e-004;1,609e-004;1,944e-004;4,296e-004;4,906e-005;3,417e-004;3,138e-025;3,138e-025;3,138e-025;3,138e-025;3,138e-025;3,138e-025;3,138e-025;3,138e-025;3,138e-025;3,138e-025;3,138e-025;3,138e-025;3,138e-025;3,138e-025;3,138e-025;3,138e-025;7,504e-005;1,800e-004;3,138e-025;2,165e-005;3,411e-004;1,286e-004;1,896e-004;3,138e-025;1,342e-004;9,145e-004;8,939e-004;5,557e-004
778;4,843e-004;3,385e-005;6,226e-004;1,878e-005;2,318e-004;1,623e-004;8,856e-005;2,372e-004;3,326e-025;3,326e-025;3,326e-025;3,326e-025;3,326e-025;3,326e-025;3,326e-025;3,326e-025;3,326e-025;3,326e-025;3,326e-025;3,326e-025;3,326e-025;3,326e-025;3,326e-025;3,326e-025;1,385e-004;4,007e-005;3,326e-025;3,326e-025;3,135e-004;1,473e-004;1,240e-004;3,326e-025;1,907e-005;9,103e-004;7,750e-004;3,466e-004
780;1,606e-004;1,037e-005;3,239e-004;3,565e-025;9,444e-005;1,456e-004;1,571e-006;1,044e-004;1,231e-005;3,565e-025;3,565e-025;3,565e-025;3,565e-025;3,565e-025;3,565e-025;3,565e-025;3,565e-025;3,565e-025;3,565e-025;3,565e-025;3,565e-025;3,565e-025;3,565e-025;3,565e-025;3,466e-005;2,609e-007;3,565e-025;4,353e-005;1,677e-004;1,165e-004;9,403e-005;3,565e-025;3,565e-025;7,145e-004;6,062e-004;1,604e-004
