;S Clear;S 181 Congo R;S 071 Tokyo R;S 120 Deep Blue R;S 119 Dark Blue R;S 115 Peacock R;S 090 Dark Y G R;S 139 P Green R;S 101 Yellow R;S 158 Deep Orange R;S 022 Dark Amber R;S 019 Fire R;S 106 P Red R;S 126 Mauve R;S 170 Deep Lav R;S 137 Special Lav R;S 117 Steel Blue R;S 088 Lime Green R;S 156 Chocolate R;S 652 Urban Sodium R;S 111 Dark Pink R;S 200 Double CTB R;S 204 Full CTO R
380;3,411e-027;3,411e-027;3,411e-027;3,411e-027;3,411e-027;3,411e-027;3,411e-027;3,411e-027;3,411e-027;3,411e-027;3,411e-027;3,411e-027;3,411e-027;3,411e-027;3,411e-027;3,411e-027;3,411e-027;3,411e-027;3,411e-027;3,411e-027;1,398e-007;3,411e-027;3,411e-027
382;3,324e-027;3,324e-027;3,324e-027;3,324e-027;3,324e-027;3,324e-027;3,324e-027;3,324e-027;3,324e-027;3,324e-027;3,324e-027;3,324e-027;3,324e-027;3,324e-027;3,324e-027;3,324e-027;3,324e-027;3,324e-027;3,324e-027;3,324e-027;2,299e-008;3,324e-027;3,324e-027
384;3,192e-027;3,192e-027;3,192e-027;3,192e-027;3,192e-027;3,192e-027;3,192e-027;3,192e-027;3,192e-027;3,192e-027;3,192e-027;3,192e-027;3,192e-027;3,192e-027;3,192e-027;3,192e-027;3,192e-027;3,192e-027;3,192e-027;3,192e-027;1,087e-007;3,192e-027;3,192e-027
386;3,111e-027;3,111e-027;3,111e-027;3,111e-027;3,111e-027;3,111e-027;3,111e-027;3,111e-027;3,111e-027;3,111e-027;3,111e-027;3,111e-027;3,111e-027;3,111e-027;3,111e-027;3,111e-027;3,111e-027;3,111e-027;3,111e-027;3,111e-027;5,138e-007;3,111e-027;3,111e-027
388;3,004e-027;3,004e-027;3,004e-027;3,004e-027;3,004e-027;3,004e-027;3,004e-027;3,004e-027;3,004e-027;3,004e-027;3,004e-027;3,004e-027;3,004e-027;3,004e-027;3,004e-027;3,004e-027;3,004e-027;3,004e-027;3,004e-027;3,004e-027;6,956e-007;3,004e-027;3,004e-027
390;2,929e-027;2,929e-027;2,929e-027;2,929e-027;2,929e-027;2,929e-027;2,929e-027;2,929e-027;2,929e-027;2,929e-027;2,929e-027;2,929e-027;2,929e-027;2,929e-027;2,929e-027;2,929e-027;2,929e-027;2,929e-027;2,929e-027;2,929e-027;2,929e-027;2,929e-027;2,929e-027
392;2,814e-027;2,814e-027;2,814e-027;2,814e-027;2,814e-027;2,814e-027;2,814e-027;2,814e-027;2,814e-027;2,814e-027;2,814e-027;2,814e-027;2,814e-027;2,814e-027;2,814e-027;2,814e-027;2,814e-027;2,814e-027;2,814e-027;2,814e-027;1,278e-006;2,814e-027;2,814e-027
394;2,725e-027;2,725e-027;2,725e-027;2,725e-027;2,725e-027;2,725e-027;2,725e-027;2,725e-027;2,725e-027;2,725e-027;2,725e-027;2,725e-027;2,725e-027;2,725e-027;2,725e-027;2,725e-027;2,725e-027;2,725e-027;2,725e-027;2,725e-027;8,723e-007;2,725e-027;2,725e-027
396;2,628e-027;2,628e-027;2,628e-027;2,628e-027;2,628e-027;2,628e-027;2,628e-027;2,628e-027;2,628e-027;2,628e-027;2,628e-027;2,628e-027;2,628e-027;2,628e-027;2,628e-027;2,628e-027;2,628e-027;2,628e-027;2,628e-027;2,628e-027;1,093e-006;2,628e-027;2,628e-027
398;2,532e-027;2,532e-027;2,532e-027;2,532e-027;2,532e-027;2,532e-027;2,532e-027;2,532e-027;2,532e-027;2,532e-027;2,532e-027;2,532e-027;2,532e-027;2,532e-027;2,532e-027;2,532e-027;2,532e-027;2,532e-027;2,532e-027;2,532e-027;1,934e-007;2,532e-027;2,532e-027
400;2,423e-027;2,948e-007;2,423e-027;2,423e-027;2,423e-027;2,423e-027;2,423e-027;2,423e-027;2,423e-027;2,423e-027;2,423e-027;2,423e-027;2,423e-027;2,423e-027;2,423e-027;2,423e-027;2,423e-027;2,423e-027;2,423e-027;2,423e-027;8,533e-007;2,423e-027;2,423e-027
402;7,400e-007;7,172e-007;2,338e-027;2,338e-027;2,338e-027;2,338e-027;2,338e-027;2,338e-027;2,338e-027;2,338e-027;2,338e-027;2,338e-027;2,338e-027;2,338e-027;2,338e-027;2,338e-027;1,460e-007;2,338e-027;2,338e-027;2,338e-027;1,333e-006;2,338e-027;2,338e-027
404;3,326e-006;2,427e-007;2,253e-027;2,253e-027;2,253e-027;2,253e-027;2,253e-027;2,253e-027;2,253e-027;2,253e-027;2,253e-027;2,253e-027;2,253e-027;6,005e-007;2,253e-027;2,253e-027;1,260e-006;2,253e-027;2,629e-007;2,253e-027;1,894e-006;2,253e-027;3,083e-007
406;7,080e-006;9,948e-007;2,707e-007;2,152e-027;2,152e-027;7,298e-007;2,152e-027;2,152e-027;2,152e-027;2,152e-027;2,152e-027;2,152e-027;2,152e-027;1,948e-006;2,186e-006;1,788e-006;6,000e-006;2,152e-027;1,032e-006;2,152e-027;4,251e-006;1,430e-006;4,663e-007
408;1,389e-005;2,559e-006;1,027e-006;2,070e-027;8,076e-007;4,296e-006;2,070e-027;2,070e-027;2,070e-027;2,070e-027;2,070e-027;2,070e-027;2,070e-027;3,557e-006;6,003e-006;6,719e-006;1,210e-005;2,070e-027;2,813e-006;2,070e-027;7,007e-006;6,152e-006;1,713e-006
410;2,198e-005;3,555e-006;1,037e-006;1,982e-027;3,728e-006;8,424e-006;1,982e-027;1,982e-027;1,982e-027;1,982e-027;1,982e-027;1,982e-027;1,982e-027;7,002e-006;1,100e-005;1,351e-005;1,899e-005;1,982e-027;5,403e-006;1,982e-027;1,191e-005;1,114e-005;3,464e-006
412;3,413e-005;3,835e-006;3,534e-006;2,355e-006;6,773e-006;1,433e-005;1,889e-027;1,889e-027;1,889e-027;1,889e-027;1,889e-027;1,889e-027;1,889e-027;9,783e-006;1,676e-005;2,417e-005;3,085e-005;1,889e-027;8,717e-006;1,889e-027;1,732e-005;2,005e-005;5,056e-006
414;5,202e-005;6,227e-006;7,325e-006;5,137e-006;1,065e-005;2,466e-005;1,816e-027;1,816e-027;1,816e-027;1,816e-027;1,816e-027;1,816e-027;1,816e-027;1,531e-005;2,664e-005;3,823e-005;4,667e-005;1,816e-027;1,351e-005;1,816e-027;2,949e-005;3,251e-005;8,972e-006
416;7,480e-005;1,005e-005;1,159e-005;9,939e-006;1,857e-005;3,615e-005;1,755e-027;1,755e-027;1,755e-027;1,755e-027;1,755e-027;1,755e-027;1,755e-027;2,214e-005;4,042e-005;5,681e-005;6,738e-005;1,755e-027;2,040e-005;1,755e-027;4,224e-005;4,839e-005;1,357e-005
418;1,049e-004;1,423e-005;1,691e-005;1,551e-005;2,811e-005;5,235e-005;1,696e-027;1,696e-027;1,696e-027;1,696e-027;1,696e-027;1,696e-027;1,696e-027;3,225e-005;5,831e-005;8,177e-005;9,625e-005;1,696e-027;2,697e-005;1,696e-027;6,056e-005;7,041e-005;1,921e-005
420;1,443e-004;1,975e-005;2,511e-005;2,511e-005;4,095e-005;7,400e-005;1,646e-027;1,646e-027;1,646e-027;1,646e-027;1,646e-027;1,646e-027;1,646e-027;4,467e-005;8,213e-005;1,146e-004;1,326e-004;1,646e-027;3,557e-005;1,646e-027;8,298e-005;9,841e-005;2,859e-005
422;1,953e-004;2,727e-005;3,618e-005;3,790e-005;5,839e-005;1,032e-004;1,595e-027;1,595e-027;1,595e-027;1,595e-027;1,595e-027;1,595e-027;1,595e-027;6,110e-005;1,135e-004;1,584e-004;1,789e-004;1,595e-027;4,744e-005;5,436e-009;1,114e-004;1,358e-004;3,919e-005
424;2,632e-004;3,795e-005;5,205e-005;5,798e-005;8,364e-005;1,420e-004;1,553e-027;1,553e-027;1,553e-027;1,553e-027;1,553e-027;1,553e-027;1,553e-027;8,352e-005;1,541e-004;2,175e-004;2,401e-004;1,553e-027;6,207e-005;7,293e-007;1,491e-004;1,830e-004;5,361e-005
426;3,509e-004;5,380e-005;7,235e-005;8,483e-005;1,194e-004;1,923e-004;1,516e-027;1,516e-027;1,516e-027;7,568e-009;1,516e-027;1,516e-027;1,516e-027;1,134e-004;2,081e-004;2,954e-004;3,203e-004;1,516e-027;7,806e-005;1,478e-006;1,985e-004;2,443e-004;7,158e-005
428;4,738e-004;7,580e-005;1,044e-004;1,256e-004;1,692e-004;2,620e-004;1,472e-027;1,472e-027;1,472e-027;8,350e-007;1,472e-027;1,472e-027;1,472e-027;1,553e-004;2,807e-004;4,044e-004;4,338e-004;1,472e-027;1,014e-004;3,177e-006;2,655e-004;3,316e-004;9,751e-005
430;6,198e-004;1,036e-004;1,446e-004;1,800e-004;2,341e-004;3,442e-004;1,446e-027;1,446e-027;1,446e-027;2,347e-006;1,446e-027;6,450e-007;1,446e-027;2,049e-004;3,669e-004;5,322e-004;5,689e-004;1,446e-027;1,276e-004;4,350e-006;3,469e-004;4,347e-004;1,270e-004
432;7,995e-004;1,394e-004;1,967e-004;2,491e-004;3,166e-004;4,440e-004;1,421e-027;1,421e-027;1,421e-027;3,577e-006;1,421e-027;3,100e-006;1,421e-027;2,675e-004;4,713e-004;6,893e-004;7,353e-004;4,151e-007;1,572e-004;6,929e-006;4,491e-004;5,664e-004;1,620e-004
434;1,021e-003;1,850e-004;2,631e-004;3,392e-004;4,202e-004;5,688e-004;1,272e-007;1,403e-027;1,403e-027;4,597e-006;1,403e-027;5,208e-006;1,403e-027;3,461e-004;5,977e-004;8,790e-004;9,413e-004;2,901e-006;1,915e-004;8,763e-006;5,719e-004;7,331e-004;2,061e-004
436;1,287e-003;2,412e-004;3,450e-004;4,516e-004;5,494e-004;7,218e-004;9,843e-008;1,388e-027;1,388e-027;5,391e-006;1,720e-007;7,458e-006;1,388e-027;4,415e-004;7,461e-004;1,102e-003;1,189e-003;6,491e-006;2,307e-004;1,143e-005;7,166e-004;9,366e-004;2,596e-004
438;1,609e-003;3,088e-004;4,454e-004;5,910e-004;7,085e-004;9,107e-004;1,708e-006;1,379e-027;1,379e-027;7,720e-006;2,779e-007;9,720e-006;5,256e-007;5,571e-004;9,236e-004;1,368e-003;1,486e-003;8,678e-006;2,751e-004;1,465e-005;8,861e-004;1,185e-003;3,213e-004
440;1,998e-003;3,886e-004;5,657e-004;7,617e-004;9,044e-004;1,144e-003;2,429e-006;1,373e-027;1,373e-027;8,621e-006;8,658e-007;1,309e-005;1,889e-006;6,945e-004;1,136e-003;1,684e-003;1,839e-003;1,305e-005;3,237e-004;1,939e-005;1,082e-003;1,479e-003;3,959e-004
442;2,519e-003;4,974e-004;7,233e-004;9,913e-004;1,169e-003;1,466e-003;3,902e-006;1,368e-027;1,368e-027;1,080e-005;2,238e-006;1,741e-005;3,313e-006;8,745e-004;1,420e-003;2,108e-003;2,305e-003;2,144e-005;3,852e-004;2,702e-005;1,334e-003;1,863e-003;4,953e-004
444;3,124e-003;6,226e-004;8,995e-004;1,256e-003;1,480e-003;1,847e-003;6,865e-006;1,372e-027;1,372e-027;1,241e-005;3,038e-006;2,221e-005;3,964e-006;1,075e-003;1,749e-003;2,601e-003;2,843e-003;3,353e-005;4,531e-004;3,588e-005;1,615e-003;2,291e-003;6,107e-004
446;3,832e-003;7,699e-004;1,102e-003;1,564e-003;1,845e-003;2,302e-003;1,088e-005;1,382e-027;1,382e-027;1,420e-005;3,886e-006;2,806e-005;5,325e-006;1,304e-003;2,142e-003;3,187e-003;3,477e-003;4,869e-005;5,312e-004;4,841e-005;1,941e-003;2,784e-003;7,498e-004
448;4,595e-003;9,315e-004;1,316e-003;1,900e-003;2,244e-003;2,810e-003;1,565e-005;1,390e-027;1,390e-027;1,579e-005;4,845e-006;3,475e-005;6,302e-006;1,548e-003;2,578e-003;3,837e-003;4,172e-003;7,019e-005;6,129e-004;6,391e-005;2,296e-003;3,314e-003;9,087e-004
450;5,365e-003;1,097e-003;1,526e-003;2,245e-003;2,658e-003;3,344e-003;2,090e-005;1,404e-027;1,404e-027;1,750e-005;5,591e-006;4,119e-005;8,085e-006;1,791e-003;3,037e-003;4,521e-003;4,899e-003;9,826e-005;6,964e-004;8,243e-005;2,668e-003;3,864e-003;1,081e-003
452;6,035e-003;1,234e-003;1,695e-003;2,548e-003;3,027e-003;3,835e-003;2,643e-005;1,421e-027;1,421e-027;1,902e-005;7,062e-006;4,755e-005;8,693e-006;1,994e-003;3,453e-003;5,148e-003;5,562e-003;1,337e-004;7,656e-004;1,036e-004;3,001e-003;4,368e-003;1,244e-003
454;6,552e-003;1,316e-003;1,785e-003;2,758e-003;3,292e-003;4,210e-003;3,270e-005;1,440e-027;1,440e-027;1,873e-005;7,266e-006;5,026e-005;9,297e-006;2,116e-003;3,757e-003;5,639e-003;6,089e-003;1,752e-004;8,061e-004;1,243e-004;3,237e-003;4,757e-003;1,372e-003
456;6,864e-003;1,303e-003;1,747e-003;2,798e-003;3,370e-003;4,375e-003;3,572e-005;5,021e-008;1,455e-027;1,723e-005;7,062e-006;5,180e-005;8,715e-006;2,101e-003;3,854e-003;5,893e-003;6,408e-003;2,210e-004;7,974e-004;1,419e-004;3,292e-003;4,929e-003;1,429e-003
458;6,881e-003;1,203e-003;1,595e-003;2,654e-003;3,233e-003;4,272e-003;3,876e-005;5,347e-007;5,912e-007;1,436e-005;6,235e-006;4,950e-005;8,123e-006;1,946e-003;3,700e-003;5,812e-003;6,420e-003;2,621e-004;7,430e-004;1,511e-004;3,137e-003;4,813e-003;1,395e-003
460;6,523e-003;1,048e-003;1,371e-003;2,371e-003;2,934e-003;3,959e-003;3,980e-005;7,070e-007;3,093e-006;1,208e-005;5,282e-006;4,489e-005;7,268e-006;1,699e-003;3,356e-003;5,389e-003;6,082e-003;2,962e-004;6,581e-004;1,538e-004;2,826e-003;4,446e-003;1,294e-003
462;5,751e-003;8,700e-004;1,120e-003;2,014e-003;2,539e-003;3,508e-003;4,042e-005;6,635e-007;4,842e-006;8,522e-006;4,784e-006;3,835e-005;6,085e-006;1,409e-003;2,894e-003;4,687e-003;5,389e-003;3,261e-004;5,590e-004;1,509e-004;2,423e-003;3,896e-003;1,153e-003
464;4,813e-003;7,036e-004;8,880e-004;1,661e-003;2,140e-003;3,038e-003;3,999e-005;6,031e-007;6,532e-006;5,653e-006;3,646e-006;3,189e-005;4,538e-006;1,132e-003;2,432e-003;3,920e-003;4,553e-003;3,551e-004;4,652e-004;1,465e-004;2,019e-003;3,307e-003;1,007e-003
466;3,983e-003;5,626e-004;6,949e-004;1,355e-003;1,788e-003;2,626e-003;4,029e-005;1,220e-006;8,693e-006;4,074e-006;1,902e-006;2,644e-005;2,791e-006;8,974e-004;2,031e-003;3,246e-003;3,791e-003;3,888e-004;3,874e-004;1,425e-004;1,668e-003;2,772e-003;8,798e-004
468;3,346e-003;4,503e-004;5,419e-004;1,108e-003;1,498e-003;2,289e-003;4,113e-005;2,200e-006;1,464e-005;3,015e-006;8,553e-007;2,186e-005;1,914e-006;7,101e-004;1,710e-003;2,713e-003;3,188e-003;4,291e-004;3,263e-004;1,388e-004;1,382e-003;2,329e-003;7,747e-004
470;2,822e-003;3,539e-004;4,149e-004;8,963e-004;1,240e-003;1,992e-003;4,476e-005;3,139e-006;2,209e-005;1,465e-006;8,276e-007;1,893e-005;7,443e-007;5,525e-004;1,432e-003;2,264e-003;2,686e-003;4,780e-004;2,751e-004;1,379e-004;1,133e-003;1,935e-003;6,830e-004
472;2,437e-003;2,838e-004;3,248e-004;7,404e-004;1,046e-003;1,760e-003;4,781e-005;5,168e-006;3,106e-005;7,414e-007;2,250e-007;1,640e-005;5,533e-007;4,406e-004;1,227e-003;1,939e-003;2,323e-003;5,190e-004;2,377e-004;1,349e-004;9,509e-004;1,638e-003;6,128e-004
474;2,102e-003;2,256e-004;2,527e-004;6,113e-004;8,781e-004;1,548e-003;5,146e-005;7,032e-006;4,132e-005;1,836e-007;1,500e-027;1,404e-005;4,771e-007;3,506e-004;1,049e-003;1,661e-003;2,014e-003;5,536e-004;2,060e-004;1,317e-004;7,967e-004;1,384e-003;5,497e-004
476;1,797e-003;1,765e-004;1,932e-004;4,968e-004;7,271e-004;1,346e-003;5,521e-005;9,318e-006;5,353e-005;8,857e-008;1,497e-027;1,220e-005;1,497e-027;2,743e-004;8,883e-004;1,409e-003;1,733e-003;5,755e-004;1,784e-004;1,260e-004;6,609e-004;1,157e-003;4,888e-004
478;1,543e-003;1,366e-004;1,466e-004;4,020e-004;6,024e-004;1,172e-003;5,894e-005;1,119e-005;6,846e-005;1,500e-027;1,500e-027;9,845e-006;1,500e-027;2,133e-004;7,535e-004;1,197e-003;1,495e-003;5,908e-004;1,554e-004;1,192e-004;5,496e-004;9,712e-004;4,369e-004
480;1,343e-003;1,059e-004;1,112e-004;3,255e-004;5,025e-004;1,032e-003;6,451e-005;1,311e-005;8,521e-005;1,501e-027;1,501e-027;8,415e-006;1,501e-027;1,671e-004;6,440e-004;1,024e-003;1,304e-003;6,032e-004;1,370e-004;1,125e-004;4,620e-004;8,241e-004;3,959e-004
482;1,195e-003;8,201e-005;8,429e-005;2,648e-004;4,252e-004;9,267e-004;7,078e-005;1,815e-005;1,075e-004;1,501e-027;1,501e-027;7,917e-006;1,501e-027;1,293e-004;5,607e-004;8,930e-004;1,158e-003;6,195e-004;1,256e-004;1,077e-004;3,955e-004;7,136e-004;3,653e-004
484;1,101e-003;6,536e-005;6,521e-005;2,193e-004;3,691e-004;8,600e-004;8,135e-005;2,417e-005;1,352e-004;1,497e-027;1,497e-027;7,242e-006;1,497e-027;1,039e-004;5,020e-004;7,991e-004;1,060e-003;6,470e-004;1,183e-004;1,042e-004;3,504e-004;6,411e-004;3,496e-004
486;1,063e-003;5,493e-005;5,245e-005;1,901e-004;3,348e-004;8,371e-004;9,388e-005;3,273e-005;1,666e-004;1,493e-027;1,493e-027;6,884e-006;1,493e-027;8,603e-005;4,719e-004;7,493e-004;1,012e-003;6,851e-004;1,162e-004;1,042e-004;3,253e-004;6,023e-004;3,482e-004
488;1,060e-003;4,618e-005;4,422e-005;1,687e-004;3,119e-004;8,421e-004;1,100e-004;4,281e-005;2,058e-004;1,488e-027;1,488e-027;7,117e-006;1,488e-027;7,390e-005;4,575e-004;7,256e-004;9,969e-004;7,372e-004;1,184e-004;1,059e-004;3,126e-004;5,859e-004;3,573e-004
490;1,087e-003;4,058e-005;3,776e-005;1,532e-004;2,972e-004;8,707e-004;1,320e-004;5,754e-005;2,542e-004;1,479e-027;1,479e-027;8,422e-006;1,479e-027;6,511e-005;4,560e-004;7,222e-004;1,008e-003;8,024e-004;1,242e-004;1,101e-004;3,076e-004;5,849e-004;3,772e-004
492;1,142e-003;3,528e-005;3,231e-005;1,416e-004;2,898e-004;9,203e-004;1,590e-004;7,707e-005;3,139e-004;1,468e-027;1,468e-027;9,124e-006;1,468e-027;5,824e-005;4,672e-004;7,353e-004;1,041e-003;8,805e-004;1,339e-004;1,154e-004;3,104e-004;5,948e-004;4,068e-004
494;1,227e-003;3,097e-005;2,704e-005;1,333e-004;2,876e-004;9,925e-004;1,930e-004;1,028e-004;3,868e-004;1,455e-027;1,253e-007;1,012e-005;1,455e-027;5,302e-005;4,869e-004;7,637e-004;1,099e-003;9,772e-004;1,479e-004;1,238e-004;3,196e-004;6,160e-004;4,483e-004
496;1,356e-003;2,817e-005;2,367e-005;1,265e-004;2,898e-004;1,098e-003;2,403e-004;1,399e-004;4,895e-004;1,437e-027;2,142e-007;1,183e-005;1,437e-027;4,762e-005;5,217e-004;8,126e-004;1,192e-003;1,106e-003;1,686e-004;1,365e-004;3,370e-004;6,491e-004;5,076e-004
498;1,511e-003;2,440e-005;1,982e-005;1,218e-004;2,964e-004;1,222e-003;2,945e-004;1,858e-004;6,054e-004;1,418e-027;1,073e-006;1,448e-005;1,418e-027;4,334e-005;5,647e-004;8,746e-004;1,306e-003;1,250e-003;1,941e-004;1,496e-004;3,588e-004;6,894e-004;5,777e-004
500;1,697e-003;2,160e-005;1,662e-005;1,196e-004;3,071e-004;1,368e-003;3,594e-004;2,447e-004;7,455e-004;2,867e-007;2,433e-006;1,774e-005;1,401e-027;3,895e-005;6,163e-004;9,491e-004;1,449e-003;1,421e-003;2,261e-004;1,668e-004;3,833e-004;7,371e-004;6,640e-004
502;1,912e-003;1,854e-005;1,405e-005;1,172e-004;3,179e-004;1,534e-003;4,364e-004;3,172e-004;9,097e-004;1,892e-006;3,344e-006;2,037e-005;1,383e-027;3,522e-005;6,750e-004;1,033e-003;1,617e-003;1,617e-003;2,667e-004;1,852e-004;4,121e-004;7,892e-004;7,633e-004
504;2,151e-003;1,660e-005;1,163e-005;1,143e-004;3,291e-004;1,718e-003;5,228e-004;4,062e-004;1,099e-003;3,071e-006;4,767e-006;2,492e-005;1,361e-027;3,119e-005;7,377e-004;1,121e-003;1,806e-003;1,836e-003;3,151e-004;2,072e-004;4,423e-004;8,436e-004;8,773e-004
506;2,412e-003;1,475e-005;8,716e-006;1,104e-004;3,391e-004;1,918e-003;6,190e-004;5,109e-004;1,314e-003;5,165e-006;7,391e-006;2,992e-005;1,341e-027;2,635e-005;8,042e-004;1,214e-003;2,018e-003;2,079e-003;3,728e-004;2,295e-004;4,743e-004;8,994e-004;1,006e-003
508;2,701e-003;1,264e-005;7,051e-006;1,062e-004;3,452e-004;2,135e-003;7,292e-004;6,393e-004;1,563e-003;7,891e-006;9,357e-006;3,463e-005;1,316e-027;2,266e-005;8,723e-004;1,309e-003;2,256e-003;2,355e-003;4,418e-004;2,525e-004;5,071e-004;9,544e-004;1,154e-003
510;2,991e-003;1,041e-005;5,251e-006;1,004e-004;3,460e-004;2,353e-003;8,425e-004;7,772e-004;1,825e-003;1,068e-005;1,239e-005;3,995e-005;1,292e-027;1,834e-005;9,366e-004;1,396e-003;2,498e-003;2,639e-003;5,196e-004;2,748e-004;5,381e-004;1,004e-003;1,309e-003
512;3,269e-003;8,578e-006;3,757e-006;9,262e-005;3,430e-004;2,556e-003;9,510e-004;9,167e-004;2,086e-003;1,307e-005;1,552e-005;4,535e-005;1,272e-027;1,516e-005;9,934e-004;1,471e-003;2,731e-003;2,916e-003;6,019e-004;2,954e-004;5,679e-004;1,046e-003;1,462e-003
514;3,528e-003;6,696e-006;2,257e-006;8,414e-005;3,332e-004;2,743e-003;1,053e-003;1,056e-003;2,345e-003;1,796e-005;1,887e-005;5,196e-005;1,250e-027;1,186e-005;1,041e-003;1,533e-003;2,946e-003;3,179e-003;6,874e-004;3,138e-004;5,940e-004;1,079e-003;1,612e-003
516;3,761e-003;5,501e-006;1,359e-006;7,454e-005;3,169e-004;2,902e-003;1,145e-003;1,186e-003;2,591e-003;2,260e-005;2,297e-005;5,830e-005;1,228e-027;8,506e-006;1,078e-003;1,576e-003;3,134e-003;3,416e-003;7,726e-004;3,302e-004;6,157e-004;1,099e-003;1,752e-003
518;3,964e-003;4,451e-006;1,147e-006;6,257e-005;2,948e-004;3,032e-003;1,222e-003;1,305e-003;2,821e-003;2,856e-005;2,753e-005;6,378e-005;1,207e-027;6,843e-006;1,105e-003;1,602e-003;3,292e-003;3,623e-003;8,561e-004;3,444e-004;6,343e-004;1,107e-003;1,878e-003
520;4,128e-003;3,235e-006;9,031e-008;5,140e-005;2,666e-004;3,121e-003;1,279e-003;1,404e-003;3,030e-003;3,467e-005;3,297e-005;6,940e-005;1,183e-027;4,339e-006;1,116e-003;1,603e-003;3,403e-003;3,787e-003;9,372e-004;3,565e-004;6,479e-004;1,099e-003;1,987e-003
522;4,242e-003;2,916e-006;9,853e-008;4,025e-005;2,334e-004;3,160e-003;1,311e-003;1,481e-003;3,201e-003;4,369e-005;4,085e-005;7,566e-005;1,162e-027;3,336e-006;1,113e-003;1,580e-003;3,461e-003;3,895e-003;1,007e-003;3,644e-004;6,569e-004;1,075e-003;2,068e-003
524;4,304e-003;1,624e-006;1,145e-027;3,135e-005;2,025e-004;3,155e-003;1,318e-003;1,526e-003;3,323e-003;5,580e-005;4,977e-005;8,098e-005;1,145e-027;1,907e-006;1,097e-003;1,540e-003;3,466e-003;3,945e-003;1,062e-003;3,709e-004;6,601e-004;1,040e-003;2,118e-003
526;4,318e-003;1,030e-006;1,130e-027;2,306e-005;1,719e-004;3,106e-003;1,301e-003;1,545e-003;3,402e-003;6,942e-005;6,082e-005;8,519e-005;1,130e-027;1,068e-006;1,068e-003;1,481e-003;3,422e-003;3,944e-003;1,100e-003;3,743e-004;6,578e-004;9,929e-004;2,138e-003
528;4,291e-003;5,935e-007;1,118e-027;1,625e-005;1,443e-004;3,024e-003;1,265e-003;1,538e-003;3,442e-003;8,726e-005;7,436e-005;8,778e-005;1,118e-027;3,904e-007;1,030e-003;1,410e-003;3,338e-003;3,902e-003;1,125e-003;3,761e-004;6,501e-004;9,387e-004;2,137e-003
530;4,223e-003;1,111e-007;1,108e-027;1,124e-005;1,182e-004;2,909e-003;1,213e-003;1,507e-003;3,443e-003;1,094e-004;9,088e-005;8,915e-005;1,108e-027;5,828e-008;9,846e-004;1,327e-003;3,221e-003;3,821e-003;1,137e-003;3,770e-004;6,364e-004;8,772e-004;2,112e-003
532;4,104e-003;1,098e-027;1,098e-027;7,439e-006;9,479e-005;2,757e-003;1,141e-003;1,443e-003;3,400e-003;1,374e-004;1,126e-004;8,936e-005;1,098e-027;1,098e-027;9,279e-004;1,229e-003;3,064e-003;3,695e-003;1,130e-003;3,753e-004;6,158e-004;8,068e-004;2,064e-003
534;3,957e-003;1,091e-027;1,091e-027;4,588e-006;7,539e-005;2,589e-003;1,059e-003;1,360e-003;3,328e-003;1,722e-004;1,391e-004;8,782e-005;1,091e-027;1,091e-027;8,699e-004;1,131e-003;2,898e-003;3,552e-003;1,108e-003;3,737e-004;5,904e-004;7,342e-004;2,006e-003
536;3,803e-003;1,087e-027;1,087e-027;3,055e-006;6,147e-005;2,425e-003;9,782e-004;1,268e-003;3,241e-003;2,108e-004;1,657e-004;8,528e-005;1,087e-027;1,087e-027;8,150e-004;1,041e-003;2,741e-003;3,411e-003;1,076e-003;3,712e-004;5,630e-004;6,659e-004;1,948e-003
538;3,648e-003;1,084e-027;1,084e-027;1,862e-006;5,013e-005;2,261e-003;8,977e-004;1,172e-003;3,147e-003;2,535e-004;1,937e-004;8,144e-005;1,084e-027;1,084e-027;7,612e-004;9,560e-004;2,596e-003;3,277e-003;1,035e-003;3,688e-004;5,331e-004;6,014e-004;1,892e-003
540;3,498e-003;1,083e-027;1,083e-027;3,845e-007;4,052e-005;2,100e-003;8,182e-004;1,075e-003;3,051e-003;3,006e-004;2,219e-004;7,674e-005;1,083e-027;1,083e-027;7,105e-004;8,777e-004;2,463e-003;3,149e-003;9,880e-004;3,671e-004;5,009e-004;5,398e-004;1,841e-003
542;3,358e-003;1,081e-027;1,081e-027;1,081e-027;3,421e-005;1,944e-003;7,411e-004;9,794e-004;2,957e-003;3,503e-004;2,476e-004;7,168e-005;1,081e-027;1,081e-027;6,627e-004;8,059e-004;2,342e-003;3,031e-003;9,352e-004;3,644e-004;4,696e-004;4,824e-004;1,796e-003
544;3,219e-003;1,080e-027;1,080e-027;1,080e-027;2,766e-005;1,782e-003;6,636e-004;8,798e-004;2,860e-003;4,069e-004;2,704e-004;6,587e-005;1,080e-027;1,080e-027;6,143e-004;7,362e-004;2,229e-003;2,914e-003;8,720e-004;3,600e-004;4,356e-004;4,241e-004;1,755e-003
546;3,106e-003;1,081e-027;1,081e-027;1,081e-027;2,341e-005;1,635e-003;5,931e-004;7,918e-004;2,781e-003;4,610e-004;2,858e-004;5,937e-005;5,780e-008;1,081e-027;5,730e-004;6,766e-004;2,136e-003;2,815e-003;8,117e-004;3,554e-004;4,039e-004;3,735e-004;1,724e-003
548;3,014e-003;1,083e-027;1,083e-027;1,083e-027;1,917e-005;1,503e-003;5,322e-004;7,124e-004;2,716e-003;5,135e-004;2,938e-004;5,371e-005;3,216e-007;1,083e-027;5,367e-004;6,263e-004;2,058e-003;2,726e-003;7,537e-004;3,502e-004;3,769e-004;3,291e-004;1,704e-003
550;2,936e-003;1,087e-027;1,087e-027;1,087e-027;1,571e-005;1,379e-003;4,752e-004;6,371e-004;2,661e-003;5,658e-004;2,955e-004;4,808e-005;2,075e-007;1,087e-027;5,037e-004;5,814e-004;1,987e-003;2,643e-003;6,970e-004;3,446e-004;3,527e-004;2,898e-004;1,690e-003
552;2,866e-003;1,091e-027;1,091e-027;1,091e-027;1,268e-005;1,262e-003;4,210e-004;5,650e-004;2,613e-003;6,162e-004;2,918e-004;4,281e-005;1,091e-027;1,091e-027;4,736e-004;5,419e-004;1,921e-003;2,561e-003;6,441e-004;3,397e-004;3,320e-004;2,557e-004;1,678e-003
554;2,808e-003;1,095e-027;1,095e-027;1,095e-027;9,782e-006;1,153e-003;3,711e-004;4,968e-004;2,573e-003;6,671e-004;2,836e-004;3,858e-005;1,095e-027;1,095e-027;4,473e-004;5,067e-004;1,858e-003;2,482e-003;5,963e-004;3,360e-004;3,165e-004;2,258e-004;1,671e-003
556;2,751e-003;1,100e-027;1,100e-027;1,100e-027;6,639e-006;1,039e-003;3,190e-004;4,242e-004;2,534e-003;7,222e-004;2,722e-004;3,378e-005;1,100e-027;1,100e-027;4,210e-004;4,735e-004;1,785e-003;2,394e-003;5,495e-004;3,349e-004;3,053e-004;1,983e-004;1,665e-003
558;2,717e-003;1,107e-027;1,107e-027;1,107e-027;4,388e-006;9,475e-004;2,783e-004;3,664e-004;2,512e-003;7,732e-004;2,629e-004;3,066e-005;1,107e-027;1,107e-027;4,031e-004;4,493e-004;1,726e-003;2,326e-003;5,162e-004;3,382e-004;3,020e-004;1,793e-004;1,665e-003
560;2,694e-003;1,116e-027;1,116e-027;1,116e-027;2,698e-006;8,644e-004;2,411e-004;3,136e-004;2,499e-003;8,251e-004;2,563e-004;2,854e-005;1,091e-007;1,116e-027;3,876e-004;4,302e-004;1,670e-003;2,265e-003;4,922e-004;3,459e-004;3,057e-004;1,654e-004;1,671e-003
562;2,680e-003;1,125e-027;1,125e-027;1,125e-027;1,305e-006;7,876e-004;2,077e-004;2,661e-004;2,494e-003;8,790e-004;2,535e-004;2,769e-005;1,101e-007;1,125e-027;3,767e-004;4,161e-004;1,615e-003;2,212e-003;4,755e-004;3,607e-004;3,162e-004;1,552e-004;1,678e-003
564;2,675e-003;1,136e-027;1,136e-027;1,136e-027;7,237e-007;7,172e-004;1,778e-004;2,240e-004;2,496e-003;9,353e-004;2,567e-004;2,769e-005;2,045e-008;1,136e-027;3,689e-004;4,059e-004;1,563e-003;2,169e-003;4,674e-004;3,824e-004;3,353e-004;1,488e-004;1,692e-003
566;2,677e-003;4,051e-009;1,148e-027;1,148e-027;4,702e-008;6,480e-004;1,500e-004;1,857e-004;2,502e-003;9,978e-004;2,666e-004;2,997e-005;1,705e-008;1,148e-027;3,650e-004;4,005e-004;1,511e-003;2,132e-003;4,672e-004;4,149e-004;3,668e-004;1,461e-004;1,709e-003
568;2,686e-003;5,320e-008;1,160e-027;1,160e-027;1,160e-027;5,824e-004;1,256e-004;1,518e-004;2,514e-003;1,065e-003;2,869e-004;3,330e-005;3,525e-007;1,160e-027;3,661e-004;3,991e-004;1,461e-003;2,103e-003;4,778e-004;4,602e-004;4,102e-004;1,469e-004;1,732e-003
570;2,705e-003;1,174e-027;1,174e-027;1,174e-027;1,174e-027;5,266e-004;1,062e-004;1,260e-004;2,534e-003;1,131e-003;3,172e-004;4,003e-005;8,555e-007;1,174e-027;3,718e-004;4,024e-004;1,421e-003;2,088e-003;4,977e-004;5,137e-004;4,656e-004;1,505e-004;1,762e-003
572;2,728e-003;1,188e-027;1,188e-027;1,188e-027;1,188e-027;4,765e-004;8,952e-005;1,039e-004;2,557e-003;1,200e-003;3,599e-004;5,066e-005;8,414e-007;1,188e-027;3,816e-004;4,104e-004;1,386e-003;2,081e-003;5,252e-004;5,788e-004;5,334e-004;1,581e-004;1,797e-003
574;2,755e-003;1,203e-027;1,203e-027;1,203e-027;1,203e-027;4,310e-004;7,500e-005;8,542e-005;2,583e-003;1,270e-003;4,167e-004;6,666e-005;1,687e-006;1,203e-027;3,958e-004;4,221e-004;1,355e-003;2,080e-003;5,617e-004;6,536e-004;6,173e-004;1,669e-004;1,839e-003
576;2,787e-003;1,219e-027;1,219e-027;1,219e-027;1,219e-027;3,885e-004;6,386e-005;7,062e-005;2,613e-003;1,342e-003;4,896e-004;8,985e-005;3,032e-006;1,219e-027;4,138e-004;4,386e-004;1,331e-003;2,085e-003;6,056e-004;7,386e-004;7,166e-004;1,776e-004;1,887e-003
578;2,823e-003;1,270e-007;1,237e-027;1,237e-027;1,237e-027;3,449e-004;5,230e-005;5,632e-005;2,647e-003;1,424e-003;5,942e-004;1,309e-004;5,891e-006;1,237e-027;4,411e-004;4,609e-004;1,308e-003;2,092e-003;6,651e-004;8,426e-004;8,464e-004;1,926e-004;1,947e-003
580;2,861e-003;3,119e-007;1,255e-027;1,255e-027;1,255e-027;3,105e-004;4,407e-005;4,602e-005;2,683e-003;1,500e-003;7,075e-004;1,838e-004;9,631e-006;1,255e-027;4,703e-004;4,862e-004;1,296e-003;2,102e-003;7,241e-004;9,400e-004;9,795e-004;2,085e-004;2,010e-003
582;2,900e-003;1,273e-027;1,273e-027;1,273e-027;1,273e-027;2,805e-004;3,678e-005;3,786e-005;2,721e-003;1,577e-003;8,387e-004;2,563e-004;1,526e-005;2,388e-008;5,035e-004;5,150e-004;1,290e-003;2,111e-003;7,880e-004;1,036e-003;1,123e-003;2,251e-004;2,078e-003
584;2,941e-003;1,292e-027;1,292e-027;1,292e-027;1,292e-027;2,523e-004;3,082e-005;3,090e-005;2,761e-003;1,656e-003;9,868e-004;3,518e-004;2,569e-005;6,152e-007;5,412e-004;5,473e-004;1,287e-003;2,117e-003;8,539e-004;1,130e-003;1,274e-003;2,428e-004;2,149e-003
586;2,982e-003;1,312e-027;1,312e-027;1,312e-027;1,312e-027;2,273e-004;2,586e-005;2,484e-005;2,801e-003;1,738e-003;1,148e-003;4,721e-004;4,105e-005;2,303e-006;5,828e-004;5,843e-004;1,288e-003;2,119e-003;9,193e-004;1,218e-003;1,431e-003;2,606e-004;2,225e-003
588;3,022e-003;1,772e-007;1,330e-027;1,330e-027;1,330e-027;2,014e-004;2,032e-005;1,983e-005;2,841e-003;1,830e-003;1,332e-003;6,310e-004;6,529e-005;4,619e-006;6,297e-004;6,264e-004;1,287e-003;2,110e-003;9,847e-004;1,302e-003;1,600e-003;2,778e-004;2,308e-003
590;3,061e-003;1,350e-027;1,350e-027;1,350e-027;1,350e-027;1,778e-004;1,682e-005;1,518e-005;2,882e-003;1,923e-003;1,512e-003;8,101e-004;1,032e-004;8,850e-006;6,799e-004;6,692e-004;1,286e-003;2,095e-003;1,043e-003;1,371e-003;1,759e-003;2,930e-004;2,390e-003
592;3,099e-003;1,369e-027;1,369e-027;1,369e-027;1,369e-027;1,577e-004;1,411e-005;1,185e-005;2,921e-003;2,016e-003;1,682e-003;1,000e-003;1,496e-004;1,684e-005;7,279e-004;7,107e-004;1,284e-003;2,070e-003;1,092e-003;1,429e-003;1,905e-003;3,050e-004;2,470e-003
594;3,133e-003;1,387e-027;1,387e-027;1,387e-027;1,387e-027;1,388e-004;1,084e-005;8,949e-006;2,958e-003;2,109e-003;1,843e-003;1,201e-003;2,113e-004;2,833e-005;7,754e-004;7,499e-004;1,278e-003;2,039e-003;1,131e-003;1,477e-003;2,044e-003;3,129e-004;2,547e-003
596;3,168e-003;1,405e-027;1,405e-027;1,405e-027;1,405e-027;1,219e-004;7,201e-006;6,293e-006;2,993e-003;2,202e-003;1,997e-003;1,407e-003;2,890e-004;4,463e-005;8,215e-004;7,882e-004;1,267e-003;2,002e-003;1,160e-003;1,516e-003;2,173e-003;3,180e-004;2,620e-003
598;3,198e-003;1,422e-027;1,422e-027;1,422e-027;1,422e-027;1,056e-004;5,552e-006;4,560e-006;3,026e-003;2,295e-003;2,142e-003;1,624e-003;3,883e-004;6,813e-005;8,660e-004;8,229e-004;1,248e-003;1,955e-003;1,179e-003;1,547e-003;2,295e-003;3,176e-004;2,691e-003
600;3,227e-003;1,510e-007;1,438e-027;1,438e-027;1,438e-027;8,979e-005;4,348e-006;3,657e-006;3,055e-003;2,386e-003;2,272e-003;1,836e-003;5,053e-004;1,009e-004;9,085e-004;8,512e-004;1,224e-003;1,905e-003;1,188e-003;1,572e-003;2,408e-003;3,122e-004;2,755e-003
602;3,248e-003;4,042e-007;1,451e-027;1,451e-027;1,451e-027;7,857e-005;2,864e-006;1,951e-006;3,076e-003;2,460e-003;2,380e-003;2,022e-003;6,265e-004;1,361e-004;9,406e-004;8,693e-004;1,198e-003;1,858e-003;1,189e-003;1,588e-003;2,499e-003;3,050e-004;2,803e-003
604;3,269e-003;1,464e-027;1,464e-027;1,464e-027;1,464e-027;6,885e-005;1,326e-006;1,036e-006;3,096e-003;2,530e-003;2,476e-003;2,196e-003;7,563e-004;1,759e-004;9,682e-004;8,820e-004;1,171e-003;1,816e-003;1,185e-003;1,603e-003;2,582e-003;2,959e-004;2,846e-003
606;3,289e-003;2,746e-007;1,476e-027;1,476e-027;1,476e-027;6,093e-005;4,777e-007;1,821e-007;3,113e-003;2,591e-003;2,561e-003;2,353e-003;8,892e-004;2,182e-004;9,898e-004;8,893e-004;1,143e-003;1,779e-003;1,179e-003;1,616e-003;2,654e-003;2,861e-004;2,882e-003
608;3,303e-003;4,428e-008;1,486e-027;1,486e-027;1,486e-027;5,452e-005;3,150e-008;1,486e-027;3,122e-003;2,647e-003;2,635e-003;2,497e-003;1,030e-003;2,615e-004;1,006e-003;8,884e-004;1,113e-003;1,746e-003;1,168e-003;1,625e-003;2,719e-003;2,760e-004;2,908e-003
610;3,318e-003;1,498e-027;1,498e-027;1,498e-027;1,498e-027;4,811e-005;1,498e-027;1,498e-027;3,131e-003;2,698e-003;2,705e-003;2,624e-003;1,174e-003;3,051e-004;1,019e-003;8,823e-004;1,087e-003;1,720e-003;1,158e-003;1,634e-003;2,780e-003;2,644e-004;2,932e-003
612;3,336e-003;9,123e-008;1,512e-027;1,512e-027;1,512e-027;4,372e-005;1,512e-027;1,512e-027;3,142e-003;2,745e-003;2,761e-003;2,723e-003;1,302e-003;3,411e-004;1,027e-003;8,725e-004;1,065e-003;1,704e-003;1,151e-003;1,642e-003;2,828e-003;2,562e-004;2,954e-003
614;3,357e-003;3,257e-007;1,528e-027;1,528e-027;1,528e-027;4,027e-005;1,528e-027;1,528e-027;3,151e-003;2,788e-003;2,811e-003;2,803e-003;1,423e-003;3,729e-004;1,033e-003;8,617e-004;1,046e-003;1,695e-003;1,144e-003;1,651e-003;2,874e-003;2,483e-004;2,977e-003
616;3,382e-003;1,142e-007;1,547e-027;1,547e-027;1,547e-027;3,791e-005;1,547e-027;1,547e-027;3,163e-003;2,832e-003;2,855e-003;2,867e-003;1,539e-003;4,005e-004;1,036e-003;8,509e-004;1,030e-003;1,691e-003;1,141e-003;1,661e-003;2,919e-003;2,410e-004;3,003e-003
618;3,415e-003;1,571e-027;1,571e-027;1,571e-027;1,571e-027;3,592e-005;1,571e-027;1,571e-027;3,179e-003;2,880e-003;2,895e-003;2,921e-003;1,653e-003;4,261e-004;1,042e-003;8,432e-004;1,017e-003;1,692e-003;1,140e-003;1,673e-003;2,962e-003;2,357e-004;3,035e-003
620;3,461e-003;5,513e-008;1,601e-027;1,601e-027;1,601e-027;3,424e-005;1,601e-027;1,601e-027;3,204e-003;2,938e-003;2,938e-003;2,970e-003;1,768e-003;4,524e-004;1,053e-003;8,391e-004;1,008e-003;1,703e-003;1,145e-003;1,688e-003;3,013e-003;2,318e-004;3,080e-003
622;3,516e-003;1,957e-007;1,633e-027;1,633e-027;1,633e-027;3,410e-005;1,633e-027;1,633e-027;3,241e-003;2,998e-003;2,983e-003;3,015e-003;1,871e-003;4,765e-004;1,071e-003;8,452e-004;1,007e-003;1,720e-003;1,158e-003;1,708e-003;3,065e-003;2,309e-004;3,135e-003
624;3,580e-003;4,339e-008;1,671e-027;1,671e-027;1,671e-027;3,546e-005;1,671e-027;1,671e-027;3,287e-003;3,065e-003;3,031e-003;3,065e-003;1,973e-003;5,051e-004;1,096e-003;8,594e-004;1,015e-003;1,746e-003;1,177e-003;1,732e-003;3,124e-003;2,332e-004;3,204e-003
626;3,649e-003;1,712e-027;1,712e-027;1,712e-027;1,712e-027;3,608e-005;1,712e-027;1,712e-027;3,343e-003;3,138e-003;3,084e-003;3,120e-003;2,071e-003;5,385e-004;1,132e-003;8,841e-004;1,029e-003;1,779e-003;1,206e-003;1,763e-003;3,190e-003;2,389e-004;3,285e-003
628;3,702e-003;1,757e-027;1,757e-027;1,757e-027;1,757e-027;3,737e-005;1,757e-027;1,757e-027;3,396e-003;3,207e-003;3,134e-003;3,172e-003;2,163e-003;5,773e-004;1,174e-003;9,190e-004;1,048e-003;1,811e-003;1,238e-003;1,791e-003;3,251e-003;2,457e-004;3,368e-003
630;3,708e-003;1,806e-027;1,806e-027;1,806e-027;1,806e-027;3,913e-005;1,806e-027;1,806e-027;3,427e-003;3,246e-003;3,162e-003;3,203e-003;2,233e-003;6,220e-004;1,220e-003;9,604e-004;1,064e-003;1,832e-003;1,270e-003;1,807e-003;3,285e-003;2,555e-004;3,428e-003
632;3,646e-003;1,853e-027;1,853e-027;1,853e-027;1,853e-027;3,926e-005;1,853e-027;1,853e-027;3,410e-003;3,234e-003;3,149e-003;3,194e-003;2,259e-003;6,605e-004;1,252e-003;9,977e-004;1,068e-003;1,826e-003;1,284e-003;1,799e-003;3,274e-003;2,615e-004;3,439e-003
634;3,507e-003;1,902e-027;1,902e-027;1,902e-027;1,902e-027;4,007e-005;1,902e-027;1,902e-027;3,328e-003;3,159e-003;3,077e-003;3,128e-003;2,238e-003;6,944e-004;1,266e-003;1,022e-003;1,056e-003;1,786e-003;1,278e-003;1,757e-003;3,199e-003;2,655e-004;3,382e-003
636;3,301e-003;5,255e-007;1,949e-027;1,949e-027;1,949e-027;3,919e-005;1,949e-027;1,949e-027;3,178e-003;3,015e-003;2,945e-003;2,999e-003;2,164e-003;7,185e-004;1,259e-003;1,032e-003;1,023e-003;1,707e-003;1,247e-003;1,680e-003;3,055e-003;2,629e-004;3,250e-003
638;3,038e-003;4,810e-007;1,999e-027;1,999e-027;1,999e-027;3,886e-005;1,999e-027;1,999e-027;2,959e-003;2,802e-003;2,749e-003;2,808e-003;2,040e-003;7,356e-004;1,230e-003;1,030e-003;9,692e-004;1,588e-003;1,191e-003;1,567e-003;2,843e-003;2,578e-004;3,040e-003
640;2,789e-003;5,334e-007;2,047e-027;2,047e-027;2,047e-027;3,489e-005;2,047e-027;2,047e-027;2,726e-003;2,578e-003;2,544e-003;2,603e-003;1,902e-003;7,489e-004;1,196e-003;1,023e-003;9,116e-004;1,460e-003;1,128e-003;1,449e-003;2,617e-003;2,497e-004;2,811e-003
642;2,588e-003;2,194e-006;2,094e-027;2,094e-027;2,094e-027;3,325e-005;2,094e-027;2,094e-027;2,526e-003;2,385e-003;2,366e-003;2,425e-003;1,782e-003;7,673e-004;1,168e-003;1,022e-003;8,608e-004;1,348e-003;1,069e-003;1,349e-003;2,423e-003;2,420e-004;2,608e-003
644;2,420e-003;3,279e-006;2,142e-027;2,142e-027;2,142e-027;3,206e-005;2,142e-027;2,142e-027;2,352e-003;2,221e-003;2,215e-003;2,272e-003;1,679e-003;7,914e-004;1,149e-003;1,027e-003;8,185e-004;1,249e-003;1,019e-003;1,261e-003;2,257e-003;2,368e-004;2,429e-003
646;2,279e-003;5,065e-006;2,187e-027;2,187e-027;2,187e-027;3,076e-005;2,187e-027;2,187e-027;2,209e-003;2,085e-003;2,085e-003;2,143e-003;1,593e-003;8,191e-004;1,137e-003;1,039e-003;7,818e-004;1,163e-003;9,750e-004;1,189e-003;2,117e-003;2,308e-004;2,276e-003
648;2,142e-003;1,016e-005;2,237e-027;2,237e-027;2,237e-027;3,005e-005;2,237e-027;2,237e-027;2,071e-003;1,957e-003;1,960e-003;2,017e-003;1,510e-003;8,538e-004;1,131e-003;1,058e-003;7,443e-004;1,077e-003;9,287e-004;1,119e-003;1,986e-003;2,245e-004;2,126e-003
650;2,034e-003;1,250e-005;2,283e-027;2,283e-027;2,283e-027;2,815e-005;2,283e-027;2,283e-027;1,963e-003;1,858e-003;1,859e-003;1,917e-003;1,447e-003;8,870e-004;1,127e-003;1,075e-003;7,119e-004;1,005e-003;8,892e-004;1,066e-003;1,882e-003;2,168e-004;2,007e-003
652;1,939e-003;1,666e-005;2,328e-027;2,328e-027;2,328e-027;2,620e-005;2,328e-027;2,328e-027;1,868e-003;1,774e-003;1,772e-003;1,826e-003;1,392e-003;9,195e-004;1,127e-003;1,095e-003;6,794e-004;9,383e-004;8,488e-004;1,016e-003;1,795e-003;2,084e-004;1,900e-003
654;1,852e-003;2,116e-005;2,373e-027;2,373e-027;2,373e-027;2,399e-005;2,373e-027;2,373e-027;1,782e-003;1,696e-003;1,688e-003;1,740e-003;1,340e-003;9,478e-004;1,124e-003;1,109e-003;6,436e-004;8,733e-004;8,072e-004;9,687e-004;1,715e-003;1,991e-004;1,802e-003
656;1,768e-003;2,488e-005;2,419e-027;2,419e-027;2,419e-027;1,901e-005;2,419e-027;2,419e-027;1,698e-003;1,623e-003;1,607e-003;1,654e-003;1,289e-003;9,725e-004;1,119e-003;1,120e-003;6,036e-004;8,078e-004;7,595e-004;9,222e-004;1,638e-003;1,853e-004;1,708e-003
658;1,680e-003;2,946e-005;2,467e-027;2,467e-027;2,467e-027;1,687e-005;2,467e-027;2,467e-027;1,612e-003;1,545e-003;1,522e-003;1,567e-003;1,234e-003;9,920e-004;1,112e-003;1,129e-003;5,560e-004;7,386e-004;7,051e-004;8,707e-004;1,559e-003;1,682e-004;1,612e-003
660;1,607e-003;3,434e-005;2,511e-027;2,511e-027;2,511e-027;1,332e-005;2,511e-027;2,511e-027;1,539e-003;1,480e-003;1,450e-003;1,492e-003;1,189e-003;1,003e-003;1,103e-003;1,131e-003;5,109e-004;6,778e-004;6,570e-004;8,259e-004;1,493e-003;1,533e-004;1,531e-003
662;1,537e-003;3,649e-005;2,557e-027;2,557e-027;2,557e-027;1,099e-005;2,557e-027;2,557e-027;1,468e-003;1,419e-003;1,384e-003;1,419e-003;1,143e-003;1,009e-003;1,094e-003;1,128e-003;4,654e-004;6,200e-004;6,078e-004;7,820e-004;1,430e-003;1,371e-004;1,457e-003
664;1,467e-003;3,717e-005;2,602e-027;2,602e-027;2,602e-027;9,123e-006;2,602e-027;2,602e-027;1,401e-003;1,356e-003;1,322e-003;1,352e-003;1,100e-003;1,009e-003;1,079e-003;1,122e-003;4,218e-004;5,669e-004;5,617e-004;7,404e-004;1,368e-003;1,224e-004;1,386e-003
666;1,395e-003;3,906e-005;2,650e-027;1,610e-007;2,650e-027;7,879e-006;2,650e-027;2,650e-027;1,328e-003;1,289e-003;1,254e-003;1,279e-003;1,051e-003;9,987e-004;1,059e-003;1,110e-003;3,773e-004;5,142e-004;5,139e-004;6,966e-004;1,303e-003;1,072e-004;1,314e-003
668;1,328e-003;3,798e-005;2,699e-027;1,002e-006;2,699e-027;6,512e-006;2,699e-027;2,699e-027;1,262e-003;1,225e-003;1,194e-003;1,214e-003;1,007e-003;9,883e-004;1,038e-003;1,092e-003;3,441e-004;4,698e-004;4,756e-004;6,584e-004;1,243e-003;9,399e-005;1,248e-003
670;1,267e-003;3,768e-005;2,748e-027;2,748e-027;2,748e-027;3,863e-006;2,748e-027;2,748e-027;1,202e-003;1,171e-003;1,143e-003;1,156e-003;9,660e-004;9,709e-004;1,015e-003;1,072e-003;3,176e-004;4,354e-004;4,450e-004;6,240e-004;1,188e-003;8,591e-005;1,189e-003
672;1,208e-003;3,810e-005;2,796e-027;2,272e-006;2,796e-027;3,337e-006;2,796e-027;2,796e-027;1,145e-003;1,115e-003;1,092e-003;1,102e-003;9,273e-004;9,491e-004;9,916e-004;1,049e-003;2,969e-004;4,075e-004;4,188e-004;5,931e-004;1,135e-003;7,923e-005;1,134e-003
674;1,149e-003;3,883e-005;2,845e-027;2,235e-006;2,845e-027;2,064e-006;2,845e-027;2,845e-027;1,086e-003;1,059e-003;1,043e-003;1,050e-003;8,880e-004;9,222e-004;9,635e-004;1,021e-003;2,806e-004;3,838e-004;3,975e-004;5,662e-004;1,081e-003;7,412e-005;1,081e-003
676;1,086e-003;3,898e-005;2,900e-027;8,195e-007;2,900e-027;2,488e-006;2,900e-027;2,900e-027;1,025e-003;1,003e-003;9,925e-004;9,963e-004;8,461e-004;8,913e-004;9,295e-004;9,854e-004;2,681e-004;3,607e-004;3,793e-004;5,383e-004;1,023e-003;6,962e-005;1,027e-003
678;1,033e-003;4,109e-005;2,952e-027;4,211e-006;2,952e-027;2,299e-006;2,952e-027;2,952e-027;9,748e-004;9,551e-004;9,501e-004;9,524e-004;8,114e-004;8,623e-004;8,977e-004;9,525e-004;2,611e-004;3,500e-004;3,687e-004;5,181e-004;9,748e-004;6,983e-005;9,809e-004
680;9,838e-004;4,434e-005;3,008e-027;5,022e-006;3,008e-027;1,979e-006;3,008e-027;3,008e-027;9,285e-004;9,086e-004;9,094e-004;9,122e-004;7,793e-004;8,335e-004;8,666e-004;9,167e-004;2,601e-004;3,403e-004;3,615e-004;5,013e-004;9,294e-004;7,044e-005;9,383e-004
682;9,354e-004;4,670e-005;3,065e-027;7,107e-006;3,065e-027;3,899e-006;3,065e-027;3,065e-027;8,820e-004;8,640e-004;8,671e-004;8,716e-004;7,468e-004;8,019e-004;8,348e-004;8,815e-004;2,620e-004;3,374e-004;3,576e-004;4,850e-004;8,833e-004;7,258e-005;8,983e-004
684;8,825e-004;5,073e-005;3,130e-027;1,010e-005;1,049e-007;3,123e-006;3,130e-027;3,130e-027;8,365e-004;8,194e-004;8,243e-004;8,284e-004;7,132e-004;7,672e-004;7,964e-004;8,403e-004;2,686e-004;3,361e-004;3,576e-004;4,717e-004;8,353e-004;7,736e-005;8,549e-004
686;8,351e-004;5,839e-005;3,193e-027;1,603e-005;2,331e-006;5,086e-006;3,193e-027;3,193e-027;7,933e-004;7,785e-004;7,843e-004;7,889e-004;6,834e-004;7,363e-004;7,581e-004;7,978e-004;2,765e-004;3,401e-004;3,625e-004;4,622e-004;7,936e-004;8,542e-005;8,147e-004
688;7,934e-004;6,430e-005;3,259e-027;2,084e-005;5,336e-006;5,422e-006;3,259e-027;3,259e-027;7,544e-004;7,419e-004;7,450e-004;7,526e-004;6,552e-004;7,075e-004;7,248e-004;7,611e-004;2,847e-004;3,459e-004;3,679e-004;4,528e-004;7,544e-004;9,277e-005;7,784e-004
690;7,533e-004;7,415e-005;3,328e-027;2,679e-005;7,460e-006;9,219e-006;3,328e-027;3,328e-027;7,170e-004;7,076e-004;7,086e-004;7,177e-004;6,289e-004;6,767e-004;6,910e-004;7,236e-004;2,908e-004;3,484e-004;3,731e-004;4,440e-004;7,154e-004;1,011e-004;7,440e-004
692;7,111e-004;8,513e-005;3,403e-027;3,624e-005;1,276e-005;1,196e-005;3,403e-027;3,403e-027;6,810e-004;6,697e-004;6,695e-004;6,811e-004;5,991e-004;6,437e-004;6,535e-004;6,828e-004;2,959e-004;3,504e-004;3,784e-004;4,347e-004;6,777e-004;1,109e-004;7,070e-004
694;6,690e-004;9,732e-005;3,482e-027;4,644e-005;2,060e-005;1,323e-005;3,482e-027;3,482e-027;6,443e-004;6,369e-004;6,327e-004;6,437e-004;5,692e-004;6,128e-004;6,185e-004;6,412e-004;3,032e-004;3,531e-004;3,812e-004;4,271e-004;6,397e-004;1,235e-004;6,716e-004
696;6,316e-004;1,076e-004;5,000e-007;5,776e-005;2,615e-005;1,651e-005;3,557e-027;3,557e-027;6,103e-004;6,022e-004;5,972e-004;6,106e-004;5,444e-004;5,821e-004;5,872e-004;6,067e-004;3,038e-004;3,513e-004;3,815e-004;4,152e-004;6,066e-004;1,319e-004;6,374e-004
698;5,978e-004;1,185e-004;1,587e-006;6,953e-005;3,297e-005;2,049e-005;3,635e-027;3,635e-027;5,785e-004;5,732e-004;5,636e-004;5,794e-004;5,194e-004;5,555e-004;5,536e-004;5,688e-004;3,039e-004;3,506e-004;3,810e-004;4,038e-004;5,747e-004;1,392e-004;6,046e-004
700;5,645e-004;1,315e-004;1,071e-006;8,081e-005;4,049e-005;2,200e-005;3,719e-027;3,719e-027;5,483e-004;5,429e-004;5,328e-004;5,485e-004;4,948e-004;5,276e-004;5,219e-004;5,376e-004;3,014e-004;3,464e-004;3,774e-004;3,904e-004;5,428e-004;1,480e-004;5,744e-004
702;5,275e-004;1,429e-004;5,234e-006;9,411e-005;5,041e-005;2,660e-005;3,811e-027;3,722e-007;5,156e-004;5,125e-004;5,000e-004;5,111e-004;4,689e-004;4,969e-004;4,892e-004;5,014e-004;2,947e-004;3,384e-004;3,692e-004;3,759e-004;5,097e-004;1,535e-004;5,385e-004
704;4,964e-004;1,510e-004;5,937e-006;1,027e-004;5,836e-005;3,022e-005;3,895e-027;3,006e-006;4,863e-004;4,822e-004;4,733e-004;4,824e-004;4,429e-004;4,726e-004;4,620e-004;4,715e-004;2,886e-004;3,304e-004;3,614e-004;3,625e-004;4,808e-004;1,597e-004;5,089e-004
706;4,688e-004;1,590e-004;7,298e-006;1,134e-004;6,537e-005;3,382e-005;4,441e-007;4,221e-006;4,598e-004;4,553e-004;4,498e-004;4,556e-004;4,196e-004;4,484e-004;4,357e-004;4,433e-004;2,813e-004;3,188e-004;3,527e-004;3,495e-004;4,566e-004;1,629e-004;4,806e-004
708;4,408e-004;1,643e-004;1,088e-005;1,231e-004;7,083e-005;3,720e-005;2,707e-006;5,144e-006;4,351e-004;4,306e-004;4,237e-004;4,272e-004;3,981e-004;4,227e-004;4,118e-004;4,187e-004;2,754e-004;3,086e-004;3,418e-004;3,364e-004;4,289e-004;1,635e-004;4,516e-004
710;4,114e-004;1,699e-004;1,654e-005;1,310e-004;8,025e-005;4,002e-005;6,012e-006;6,213e-006;4,075e-004;4,002e-004;3,951e-004;3,950e-004;3,736e-004;3,973e-004;3,849e-004;3,871e-004;2,616e-004;2,944e-004;3,264e-004;3,179e-004;4,032e-004;1,649e-004;4,212e-004
712;3,858e-004;1,713e-004;1,897e-005;1,367e-004;8,563e-005;4,665e-005;8,545e-006;4,349e-006;3,849e-004;3,768e-004;3,762e-004;3,714e-004;3,539e-004;3,754e-004;3,653e-004;3,686e-004;2,527e-004;2,841e-004;3,163e-004;3,069e-004;3,824e-004;1,652e-004;3,953e-004
714;3,628e-004;1,739e-004;2,065e-005;1,392e-004;9,078e-005;4,661e-005;1,019e-005;4,860e-006;3,619e-004;3,568e-004;3,553e-004;3,514e-004;3,374e-004;3,546e-004;3,451e-004;3,450e-004;2,448e-004;2,719e-004;3,045e-004;2,913e-004;3,631e-004;1,638e-004;3,724e-004
716;3,405e-004;1,728e-004;2,241e-005;1,406e-004;9,466e-005;4,897e-005;1,058e-005;1,036e-005;3,393e-004;3,369e-004;3,368e-004;3,312e-004;3,203e-004;3,351e-004;3,266e-004;3,259e-004;2,342e-004;2,611e-004;2,896e-004;2,786e-004;3,406e-004;1,621e-004;3,516e-004
718;3,152e-004;1,734e-004;2,863e-005;1,439e-004;9,619e-005;5,127e-005;1,496e-005;9,077e-006;3,164e-004;3,164e-004;3,193e-004;3,091e-004;2,996e-004;3,148e-004;3,027e-004;3,033e-004;2,207e-004;2,479e-004;2,755e-004;2,646e-004;3,210e-004;1,620e-004;3,264e-004
720;2,962e-004;1,699e-004;3,240e-005;1,413e-004;9,701e-005;5,217e-005;1,792e-005;1,054e-005;2,965e-004;2,970e-004;3,050e-004;2,903e-004;2,821e-004;2,958e-004;2,892e-004;2,856e-004;2,116e-004;2,371e-004;2,623e-004;2,523e-004;3,025e-004;1,558e-004;3,037e-004
722;2,780e-004;1,665e-004;3,308e-005;1,431e-004;9,882e-005;5,478e-005;2,094e-005;1,152e-005;2,800e-004;2,811e-004;2,874e-004;2,718e-004;2,646e-004;2,795e-004;2,747e-004;2,669e-004;1,987e-004;2,256e-004;2,517e-004;2,398e-004;2,876e-004;1,509e-004;2,860e-004
724;2,587e-004;1,630e-004;3,448e-005;1,401e-004;9,974e-005;5,458e-005;2,486e-005;1,305e-005;2,615e-004;2,659e-004;2,762e-004;2,566e-004;2,508e-004;2,614e-004;2,591e-004;2,508e-004;1,899e-004;2,158e-004;2,398e-004;2,279e-004;2,708e-004;1,473e-004;2,708e-004
726;2,401e-004;1,609e-004;3,843e-005;1,406e-004;9,831e-005;5,378e-005;2,741e-005;1,043e-005;2,450e-004;2,491e-004;2,534e-004;2,426e-004;2,388e-004;2,478e-004;2,425e-004;2,387e-004;1,759e-004;2,037e-004;2,268e-004;2,175e-004;2,534e-004;1,424e-004;2,524e-004
728;2,244e-004;1,553e-004;3,935e-005;1,387e-004;9,615e-005;5,435e-005;2,743e-005;1,030e-005;2,265e-004;2,352e-004;2,399e-004;2,272e-004;2,218e-004;2,295e-004;2,281e-004;2,221e-004;1,662e-004;1,928e-004;2,116e-004;2,073e-004;2,366e-004;1,359e-004;2,379e-004
730;2,092e-004;1,507e-004;3,863e-005;1,320e-004;9,722e-005;5,241e-005;3,007e-005;1,225e-005;2,139e-004;2,217e-004;2,247e-004;2,148e-004;2,111e-004;2,140e-004;2,164e-004;2,093e-004;1,528e-004;1,837e-004;1,997e-004;1,944e-004;2,227e-004;1,313e-004;2,195e-004
732;1,944e-004;1,404e-004;3,992e-005;1,271e-004;9,742e-005;5,174e-005;3,274e-005;1,218e-005;2,022e-004;2,089e-004;2,161e-004;2,057e-004;1,985e-004;2,009e-004;2,018e-004;1,959e-004;1,451e-004;1,701e-004;1,897e-004;1,866e-004;2,128e-004;1,206e-004;2,115e-004
734;1,791e-004;1,389e-004;3,947e-005;1,223e-004;9,461e-005;5,501e-005;3,205e-005;1,290e-005;1,886e-004;1,936e-004;1,987e-004;1,889e-004;1,808e-004;1,843e-004;1,915e-004;1,822e-004;1,346e-004;1,638e-004;1,793e-004;1,776e-004;1,991e-004;1,120e-004;1,955e-004
736;1,645e-004;1,331e-004;4,514e-005;1,158e-004;9,401e-005;5,167e-005;3,218e-005;1,355e-005;1,768e-004;1,846e-004;1,854e-004;1,802e-004;1,722e-004;1,725e-004;1,769e-004;1,693e-004;1,219e-004;1,493e-004;1,683e-004;1,716e-004;1,861e-004;1,058e-004;1,861e-004
738;1,538e-004;1,260e-004;4,201e-005;1,114e-004;8,992e-005;5,106e-005;3,300e-005;1,274e-005;1,651e-004;1,726e-004;1,685e-004;1,693e-004;1,617e-004;1,597e-004;1,665e-004;1,557e-004;1,161e-004;1,442e-004;1,621e-004;1,596e-004;1,724e-004;9,905e-005;1,749e-004
740;1,422e-004;1,211e-004;4,531e-005;1,053e-004;8,418e-005;5,304e-005;3,859e-005;1,347e-005;1,550e-004;1,618e-004;1,590e-004;1,581e-004;1,491e-004;1,510e-004;1,591e-004;1,465e-004;1,081e-004;1,356e-004;1,494e-004;1,558e-004;1,654e-004;9,446e-005;1,683e-004
742;1,285e-004;1,185e-004;4,053e-005;1,001e-004;8,102e-005;4,870e-005;3,333e-005;1,558e-005;1,406e-004;1,528e-004;1,435e-004;1,483e-004;1,399e-004;1,406e-004;1,480e-004;1,349e-004;1,001e-004;1,229e-004;1,437e-004;1,449e-004;1,536e-004;7,945e-005;1,553e-004
744;1,176e-004;1,105e-004;4,220e-005;8,762e-005;7,703e-005;4,435e-005;3,678e-005;1,581e-005;1,345e-004;1,407e-004;1,392e-004;1,385e-004;1,315e-004;1,267e-004;1,349e-004;1,229e-004;8,528e-005;1,090e-004;1,374e-004;1,395e-004;1,404e-004;7,446e-005;1,487e-004
746;1,065e-004;1,081e-004;4,105e-005;8,419e-005;6,778e-005;4,271e-005;3,624e-005;1,362e-005;1,258e-004;1,312e-004;1,259e-004;1,334e-004;1,228e-004;1,168e-004;1,245e-004;1,118e-004;7,912e-005;1,030e-004;1,268e-004;1,306e-004;1,322e-004;7,128e-005;1,420e-004
748;9,697e-005;1,000e-004;3,992e-005;7,710e-005;6,716e-005;4,201e-005;3,469e-005;1,655e-005;1,095e-004;1,251e-004;1,188e-004;1,260e-004;1,100e-004;1,092e-004;1,171e-004;1,065e-004;7,264e-005;9,248e-005;1,200e-004;1,223e-004;1,214e-004;6,231e-005;1,324e-004
750;8,541e-005;8,954e-005;3,756e-005;7,061e-005;6,349e-005;3,547e-005;3,237e-005;1,550e-005;1,037e-004;1,131e-004;1,074e-004;1,142e-004;1,026e-004;9,560e-005;1,071e-004;8,869e-005;6,122e-005;8,209e-005;1,142e-004;1,152e-004;1,104e-004;5,522e-005;1,237e-004
752;7,716e-005;9,061e-005;3,782e-005;6,686e-005;5,437e-005;3,220e-005;3,645e-005;1,343e-005;9,872e-005;1,071e-004;9,769e-005;1,092e-004;9,782e-005;8,945e-005;9,743e-005;7,743e-005;5,257e-005;7,305e-005;1,072e-004;1,076e-004;1,033e-004;4,744e-005;1,175e-004
754;6,949e-005;8,304e-005;3,531e-005;6,248e-005;5,207e-005;3,103e-005;3,226e-005;1,720e-005;8,995e-005;9,866e-005;8,883e-005;1,030e-004;9,001e-005;8,394e-005;8,750e-005;6,762e-005;4,590e-005;6,737e-005;9,822e-005;1,018e-004;9,257e-005;4,061e-005;1,132e-004
756;6,147e-005;7,883e-005;2,953e-005;5,854e-005;4,674e-005;2,177e-005;2,588e-005;1,355e-005;8,462e-005;9,232e-005;8,500e-005;9,211e-005;8,384e-005;7,576e-005;8,075e-005;6,521e-005;3,916e-005;5,393e-005;9,869e-005;9,797e-005;9,081e-005;3,678e-005;1,028e-004
758;5,030e-005;7,636e-005;2,836e-005;5,023e-005;3,323e-005;2,379e-005;2,017e-005;1,357e-005;7,070e-005;8,011e-005;7,217e-005;8,603e-005;7,709e-005;6,495e-005;7,143e-005;5,255e-005;3,324e-005;4,215e-005;8,948e-005;8,828e-005;8,019e-005;2,793e-005;9,486e-005
760;4,581e-005;6,489e-005;2,349e-005;4,842e-005;3,393e-005;1,479e-005;2,025e-005;1,535e-005;6,463e-005;7,528e-005;6,963e-005;7,725e-005;6,910e-005;6,551e-005;6,372e-005;4,071e-005;2,302e-005;3,549e-005;8,398e-005;8,050e-005;7,190e-005;2,003e-005;8,606e-005
762;3,959e-005;6,317e-005;2,538e-005;4,729e-005;2,472e-005;9,306e-006;1,938e-005;1,696e-005;5,904e-005;6,881e-005;5,815e-005;6,594e-005;6,631e-005;5,670e-005;5,202e-005;3,711e-005;1,327e-005;3,330e-005;7,924e-005;7,193e-005;6,448e-005;1,043e-005;7,808e-005
764;2,845e-005;5,905e-005;1,310e-005;3,693e-005;1,842e-005;7,804e-006;1,296e-005;1,386e-005;4,819e-005;5,957e-005;4,901e-005;5,814e-005;6,050e-005;5,485e-005;4,345e-005;1,989e-005;1,021e-005;1,753e-005;7,111e-005;7,187e-005;5,656e-005;2,653e-006;7,000e-005
766;1,879e-005;4,919e-005;2,050e-005;3,933e-005;1,097e-005;2,203e-006;7,786e-006;1,255e-005;3,967e-005;5,516e-005;4,414e-005;5,471e-005;5,469e-005;4,579e-005;3,703e-005;1,238e-005;1,407e-006;7,136e-006;7,424e-005;5,643e-005;4,842e-005;1,187e-026;6,219e-005
768;9,238e-006;5,024e-005;1,445e-005;3,615e-005;8,107e-006;1,252e-026;3,710e-006;1,361e-005;3,153e-005;4,407e-005;3,705e-005;4,844e-005;5,220e-005;4,495e-005;2,539e-005;6,467e-006;1,252e-026;2,448e-006;6,755e-005;5,015e-005;4,009e-005;1,252e-026;5,735e-005
770;2,089e-006;4,831e-005;1,075e-005;2,942e-005;5,468e-007;1,321e-026;3,570e-006;1,306e-005;2,062e-005;3,668e-005;3,265e-005;4,635e-005;4,655e-005;3,838e-005;1,889e-005;2,216e-006;1,321e-026;1,321e-026;6,441e-005;4,785e-005;3,812e-005;1,321e-026;4,533e-005
772;1,401e-026;4,119e-005;6,662e-006;2,186e-005;1,401e-026;1,401e-026;4,485e-007;8,853e-006;1,315e-005;3,101e-005;3,397e-005;4,461e-005;4,690e-005;4,013e-005;2,090e-005;1,401e-026;1,401e-026;1,401e-026;5,892e-005;4,676e-005;2,771e-005;1,401e-026;3,138e-005
774;1,487e-026;3,355e-005;7,889e-006;1,669e-005;1,487e-026;1,487e-026;1,487e-026;6,560e-006;8,410e-006;2,549e-005;2,880e-005;2,986e-005;2,912e-005;3,932e-005;7,015e-006;1,487e-026;1,487e-026;1,487e-026;5,312e-005;3,382e-005;1,790e-005;1,487e-026;2,937e-005
776;1,575e-026;2,804e-005;1,575e-026;1,059e-005;1,575e-026;1,575e-026;1,575e-026;8,701e-006;3,948e-006;1,593e-005;2,276e-005;2,476e-005;3,020e-005;3,597e-005;3,293e-006;1,575e-026;1,575e-026;1,575e-026;5,290e-005;3,000e-005;1,211e-005;1,575e-026;3,063e-005
778;1,670e-026;2,731e-005;1,670e-026;2,399e-006;1,670e-026;1,670e-026;1,670e-026;4,265e-006;1,670e-026;1,411e-005;2,187e-005;1,443e-005;2,020e-005;3,073e-005;1,670e-026;1,670e-026;1,670e-026;1,670e-026;4,207e-005;1,741e-005;5,495e-006;1,670e-026;1,924e-005
780;1,789e-026;2,255e-005;1,789e-026;1,001e-007;1,789e-026;1,789e-026;1,789e-026;5,432e-007;1,789e-026;2,079e-007;1,097e-005;1,134e-005;2,249e-005;2,336e-005;1,789e-026;1,789e-026;1,789e-026;1,789e-026;4,246e-005;1,724e-005;3,691e-008;1,789e-026;1,580e-006
